"year","name_of_company","statistical_region","waste_code","type_of_waste","waste_category","total_waste_generated","delivered_to_collector_RS","delivered_to_processing_operator_RS","delivered_to_other_EU_country","delivered_to_other_country_outside_EU"
2018,"AURENIS, podjetje za proizvodnjo, reciklažo in storitve d.o.o.; POLJUBINJ 112, 5220 TOLMIN","GORIŠKA","15 01 03","Wooden Packaging (15 01 03)","Packaging Waste",65.12,65.12,0,0,0
2018,"AURENIS, podjetje za proizvodnjo, reciklažo in storitve d.o.o.; POLJUBINJ 112, 5220 TOLMIN","GORIŠKA","19 12 01","Paper and Cardboard from Waste Treatment (19 12 01)","Waste Treatment Residues",22.718,3.26,19.458,0,0
2018,"Albaugh tovarna kemičnih izdelkov d.o.o.; GRAJSKI TRG 21, 2327 RAČE","PODRAVSKA","20 01 01","Paper and Cardboard from Municipal Waste (20 01 01)","Municipal Waste",13.6,13.6,0,0,0
2018,"BARKO, trgovanje z odpadnimi surovinami, d.o.o.; IOC ZAPOLJE I 35, 1370 LOGATEC","OSREDNJESLOVENSKA","19 12 01","Paper and Cardboard from Waste Treatment (19 12 01)","Waste Treatment Residues",2.16,0,2.16,0,0
2018,"BLOK reciklaža odpadne elektronike in zbiranje odpadnih barvnih kovin d.o.o.; IOC ZAPOLJE II 7, 1370 LOGATEC","OSREDNJESLOVENSKA","15 01 01","Paper and Cardboard Packaging (15 01 01)","Packaging Waste",31.284,14.124,17.16,0,0
2018,"BLOK reciklaža odpadne elektronike in zbiranje odpadnih barvnih kovin d.o.o.; IOC ZAPOLJE II 7, 1370 LOGATEC","OSREDNJESLOVENSKA","15 01 03","Wooden Packaging (15 01 03)","Packaging Waste",4.82,0,4.82,0,0
2018,"BLOK reciklaža odpadne elektronike in zbiranje odpadnih barvnih kovin d.o.o.; IOC ZAPOLJE II 7, 1370 LOGATEC","OSREDNJESLOVENSKA","19 12 07","Wood Waste from Treatment (not 19 12 06) (19 12 07)","Waste Treatment Residues",46.48,0,46.48,0,0
2018,"CENTER ZA RAVNANJE Z ODPADKI ZASAVJE, d.o.o.; BRDCE 41B, 1431 DOL PRI HRASTNIKU","ZASAVSKA","19 12 01","Paper and Cardboard from Waste Treatment (19 12 01)","Waste Treatment Residues",552,290.18,261.82,0,0
2018,"CENTER ZA RAVNANJE Z ODPADKI ZASAVJE, d.o.o.; BRDCE 41B, 1431 DOL PRI HRASTNIKU","ZASAVSKA","20 01 38","Non-hazardous Wood from Municipal Waste (20 01 38)","Municipal Waste",145.32,23.64,121.68,0,0
2018,"CEROD, center za ravnanje z odpadki, d.o.o., javno podjetje; KETTEJEV DREVORED 3, 8000 NOVO MESTO","JUGOVZHODNA SLOVENIJA","15 01 01","Paper and Cardboard Packaging (15 01 01)","Packaging Waste",9.99,9.99,0,0,0
2018,"CEROD, center za ravnanje z odpadki, d.o.o., javno podjetje; KETTEJEV DREVORED 3, 8000 NOVO MESTO","JUGOVZHODNA SLOVENIJA","15 01 03","Wooden Packaging (15 01 03)","Packaging Waste",54.74,54.74,0,0,0
2018,"CEROD, center za ravnanje z odpadki, d.o.o., javno podjetje; KETTEJEV DREVORED 3, 8000 NOVO MESTO","JUGOVZHODNA SLOVENIJA","20 01 01","Paper and Cardboard from Municipal Waste (20 01 01)","Municipal Waste",0.18,0.18,0,0,0
2018,"CEROD, center za ravnanje z odpadki, d.o.o., javno podjetje; KETTEJEV DREVORED 3, 8000 NOVO MESTO","JUGOVZHODNA SLOVENIJA","20 01 38","Non-hazardous Wood from Municipal Waste (20 01 38)","Municipal Waste",2.83,2.83,0,0,0
2018,"CEROD, center za ravnanje z odpadki, d.o.o., javno podjetje; KETTEJEV DREVORED 3, 8000 NOVO MESTO","JUGOVZHODNA SLOVENIJA","20 03 07","Bulky Municipal Waste (20 03 07)","Municipal Waste",1156.4,0,1156.4,0,0
2018,"CREMA PLUS storitve in trgovina d.o.o.; TOVARNIŠKA CESTA 51, 2342 RUŠE","PODRAVSKA","15 01 03","Wooden Packaging (15 01 03)","Packaging Waste",0.6,0,0.6,0,0
2018,"DAMI STORITVE, odkup, odvoz in prodaja odpadnega papirja, d.o.o.; BERIČEVO 2C, 1262 DOL PRI LJUBLJANI","OSREDNJESLOVENSKA","20 01 01","Paper and Cardboard from Municipal Waste (20 01 01)","Municipal Waste",4480.319,0,4480.319,0,0
2018,"DINOS, družba za pripravo sekundarnih surovin, d.o.o.; ŠLANDROVA ULICA 6, 1231 LJUBLJANA - ČRNUČE","GORENJSKA","03 01 05","Sawdust/Shavings/Cuttings (03 01 05)","Wood/Paper Production Waste",380.816,0,380.816,0,0
2018,"DINOS, družba za pripravo sekundarnih surovin, d.o.o.; ŠLANDROVA ULICA 6, 1231 LJUBLJANA - ČRNUČE","GORENJSKA","03 03 08","Waste from Sorting of Paper and Cardboard for Recycling (03 03 08)","Wood/Paper Production Waste",1626.127,0,1626.127,0,0
2018,"DINOS, družba za pripravo sekundarnih surovin, d.o.o.; ŠLANDROVA ULICA 6, 1231 LJUBLJANA - ČRNUČE","GORENJSKA","15 01 01","Paper and Cardboard Packaging (15 01 01)","Packaging Waste",3504.486,0,1866.868,1637.618,0
2018,"DINOS, družba za pripravo sekundarnih surovin, d.o.o.; ŠLANDROVA ULICA 6, 1231 LJUBLJANA - ČRNUČE","GORENJSKA","15 01 03","Wooden Packaging (15 01 03)","Packaging Waste",1041.09,251.63,789.46,0,0
2018,"DINOS, družba za pripravo sekundarnih surovin, d.o.o.; ŠLANDROVA ULICA 6, 1231 LJUBLJANA - ČRNUČE","GORENJSKA","19 12 01","Paper and Cardboard from Waste Treatment (19 12 01)","Waste Treatment Residues",1182.934,802.76,0,380.174,0
2018,"DINOS, družba za pripravo sekundarnih surovin, d.o.o.; ŠLANDROVA ULICA 6, 1231 LJUBLJANA - ČRNUČE","GORENJSKA","20 01 01","Paper and Cardboard from Municipal Waste (20 01 01)","Municipal Waste",3093.358,0,1094.265,1999.093,0
2018,"DINOS, družba za pripravo sekundarnih surovin, d.o.o.; ŠLANDROVA ULICA 6, 1231 LJUBLJANA - ČRNUČE","GORENJSKA","20 01 38","Non-hazardous Wood from Municipal Waste (20 01 38)","Municipal Waste",414.83,0,414.83,0,0
2018,"DINOS, družba za pripravo sekundarnih surovin, d.o.o.; ŠLANDROVA ULICA 6, 1231 LJUBLJANA - ČRNUČE","GORIŠKA","15 01 01","Paper and Cardboard Packaging (15 01 01)","Packaging Waste",743.606,0,418.405,325.201,0
2018,"DINOS, družba za pripravo sekundarnih surovin, d.o.o.; ŠLANDROVA ULICA 6, 1231 LJUBLJANA - ČRNUČE","GORIŠKA","15 01 03","Wooden Packaging (15 01 03)","Packaging Waste",170.019,62.77,99.899,7.35,0
2018,"DINOS, družba za pripravo sekundarnih surovin, d.o.o.; ŠLANDROVA ULICA 6, 1231 LJUBLJANA - ČRNUČE","GORIŠKA","19 12 01","Paper and Cardboard from Waste Treatment (19 12 01)","Waste Treatment Residues",17.449,0,17.449,0,0
2018,"DINOS, družba za pripravo sekundarnih surovin, d.o.o.; ŠLANDROVA ULICA 6, 1231 LJUBLJANA - ČRNUČE","GORIŠKA","20 01 01","Paper and Cardboard from Municipal Waste (20 01 01)","Municipal Waste",500.022,0,500.022,0,0
2018,"DINOS, družba za pripravo sekundarnih surovin, d.o.o.; ŠLANDROVA ULICA 6, 1231 LJUBLJANA - ČRNUČE","JUGOVZHODNA SLOVENIJA","03 01 05","Sawdust/Shavings/Cuttings (03 01 05)","Wood/Paper Production Waste",4302.481,4302.481,0,0,0
2018,"DINOS, družba za pripravo sekundarnih surovin, d.o.o.; ŠLANDROVA ULICA 6, 1231 LJUBLJANA - ČRNUČE","JUGOVZHODNA SLOVENIJA","03 03 08","Waste from Sorting of Paper and Cardboard for Recycling (03 03 08)","Wood/Paper Production Waste",1763.681,0,1763.681,0,0
2018,"DINOS, družba za pripravo sekundarnih surovin, d.o.o.; ŠLANDROVA ULICA 6, 1231 LJUBLJANA - ČRNUČE","JUGOVZHODNA SLOVENIJA","15 01 01","Paper and Cardboard Packaging (15 01 01)","Packaging Waste",4823.211,0,4823.211,0,0
2018,"DINOS, družba za pripravo sekundarnih surovin, d.o.o.; ŠLANDROVA ULICA 6, 1231 LJUBLJANA - ČRNUČE","JUGOVZHODNA SLOVENIJA","15 01 03","Wooden Packaging (15 01 03)","Packaging Waste",658.011,0,658.011,0,0
2018,"DINOS, družba za pripravo sekundarnih surovin, d.o.o.; ŠLANDROVA ULICA 6, 1231 LJUBLJANA - ČRNUČE","JUGOVZHODNA SLOVENIJA","17 02 01","Construction Wood Waste (17 02 01)","Construction/Demolition Waste",164.746,0,164.746,0,0
2018,"DINOS, družba za pripravo sekundarnih surovin, d.o.o.; ŠLANDROVA ULICA 6, 1231 LJUBLJANA - ČRNUČE","JUGOVZHODNA SLOVENIJA","19 12 01","Paper and Cardboard from Waste Treatment (19 12 01)","Waste Treatment Residues",128.82,0,0,128.82,0
2018,"DINOS, družba za pripravo sekundarnih surovin, d.o.o.; ŠLANDROVA ULICA 6, 1231 LJUBLJANA - ČRNUČE","JUGOVZHODNA SLOVENIJA","19 12 07","Wood Waste from Treatment (not 19 12 06) (19 12 07)","Waste Treatment Residues",190.28,190.28,0,0,0
2018,"DINOS, družba za pripravo sekundarnih surovin, d.o.o.; ŠLANDROVA ULICA 6, 1231 LJUBLJANA - ČRNUČE","JUGOVZHODNA SLOVENIJA","20 01 01","Paper and Cardboard from Municipal Waste (20 01 01)","Municipal Waste",1782.815,0,922.255,860.56,0
2018,"DINOS, družba za pripravo sekundarnih surovin, d.o.o.; ŠLANDROVA ULICA 6, 1231 LJUBLJANA - ČRNUČE","JUGOVZHODNA SLOVENIJA","20 01 38","Non-hazardous Wood from Municipal Waste (20 01 38)","Municipal Waste",225.387,0,225.387,0,0
2018,"DINOS, družba za pripravo sekundarnih surovin, d.o.o.; ŠLANDROVA ULICA 6, 1231 LJUBLJANA - ČRNUČE","OBALNO-KRAŠKA","15 01 01","Paper and Cardboard Packaging (15 01 01)","Packaging Waste",3038.81,0,0,3038.81,0
2018,"DINOS, družba za pripravo sekundarnih surovin, d.o.o.; ŠLANDROVA ULICA 6, 1231 LJUBLJANA - ČRNUČE","OBALNO-KRAŠKA","15 01 03","Wooden Packaging (15 01 03)","Packaging Waste",407.75,367.56,40.19,0,0
2018,"DINOS, družba za pripravo sekundarnih surovin, d.o.o.; ŠLANDROVA ULICA 6, 1231 LJUBLJANA - ČRNUČE","OBALNO-KRAŠKA","17 02 01","Construction Wood Waste (17 02 01)","Construction/Demolition Waste",75.8,0,75.8,0,0
2018,"DINOS, družba za pripravo sekundarnih surovin, d.o.o.; ŠLANDROVA ULICA 6, 1231 LJUBLJANA - ČRNUČE","OBALNO-KRAŠKA","20 01 01","Paper and Cardboard from Municipal Waste (20 01 01)","Municipal Waste",967.94,0,63.66,904.28,0
2018,"DINOS, družba za pripravo sekundarnih surovin, d.o.o.; ŠLANDROVA ULICA 6, 1231 LJUBLJANA - ČRNUČE","OSREDNJESLOVENSKA","15 01 01","Paper and Cardboard Packaging (15 01 01)","Packaging Waste",13708.723,0,156.072,13552.651,0
2018,"DINOS, družba za pripravo sekundarnih surovin, d.o.o.; ŠLANDROVA ULICA 6, 1231 LJUBLJANA - ČRNUČE","OSREDNJESLOVENSKA","15 01 03","Wooden Packaging (15 01 03)","Packaging Waste",2250.47,242.53,2007.94,0,0
2018,"DINOS, družba za pripravo sekundarnih surovin, d.o.o.; ŠLANDROVA ULICA 6, 1231 LJUBLJANA - ČRNUČE","OSREDNJESLOVENSKA","19 12 01","Paper and Cardboard from Waste Treatment (19 12 01)","Waste Treatment Residues",8728.317,1325.689,1697.559,5705.069,0
2018,"DINOS, družba za pripravo sekundarnih surovin, d.o.o.; ŠLANDROVA ULICA 6, 1231 LJUBLJANA - ČRNUČE","OSREDNJESLOVENSKA","20 01 01","Paper and Cardboard from Municipal Waste (20 01 01)","Municipal Waste",16119.512,0,8711.68,7407.832,0
2018,"DINOS, družba za pripravo sekundarnih surovin, d.o.o.; ŠLANDROVA ULICA 6, 1231 LJUBLJANA - ČRNUČE","OSREDNJESLOVENSKA","20 01 38","Non-hazardous Wood from Municipal Waste (20 01 38)","Municipal Waste",132.94,0,132.94,0,0
2018,"DINOS, družba za pripravo sekundarnih surovin, d.o.o.; ŠLANDROVA ULICA 6, 1231 LJUBLJANA - ČRNUČE","PODRAVSKA","15 01 01","Paper and Cardboard Packaging (15 01 01)","Packaging Waste",3193.21,0,27.96,3165.25,0
2018,"DINOS, družba za pripravo sekundarnih surovin, d.o.o.; ŠLANDROVA ULICA 6, 1231 LJUBLJANA - ČRNUČE","PODRAVSKA","15 01 03","Wooden Packaging (15 01 03)","Packaging Waste",212.76,0,212.76,0,0
2018,"DINOS, družba za pripravo sekundarnih surovin, d.o.o.; ŠLANDROVA ULICA 6, 1231 LJUBLJANA - ČRNUČE","PODRAVSKA","19 12 01","Paper and Cardboard from Waste Treatment (19 12 01)","Waste Treatment Residues",127.385,0,0,127.385,0
2018,"DINOS, družba za pripravo sekundarnih surovin, d.o.o.; ŠLANDROVA ULICA 6, 1231 LJUBLJANA - ČRNUČE","PODRAVSKA","20 01 01","Paper and Cardboard from Municipal Waste (20 01 01)","Municipal Waste",2728.819,0,42.432,2686.387,0
2018,"DINOS, družba za pripravo sekundarnih surovin, d.o.o.; ŠLANDROVA ULICA 6, 1231 LJUBLJANA - ČRNUČE","POMURSKA","03 01 05","Sawdust/Shavings/Cuttings (03 01 05)","Wood/Paper Production Waste",674.292,0,674.292,0,0
2018,"DINOS, družba za pripravo sekundarnih surovin, d.o.o.; ŠLANDROVA ULICA 6, 1231 LJUBLJANA - ČRNUČE","POMURSKA","15 01 01","Paper and Cardboard Packaging (15 01 01)","Packaging Waste",3149.035,0,65.185,3083.85,0
2018,"DINOS, družba za pripravo sekundarnih surovin, d.o.o.; ŠLANDROVA ULICA 6, 1231 LJUBLJANA - ČRNUČE","POMURSKA","15 01 03","Wooden Packaging (15 01 03)","Packaging Waste",67.32,0,67.32,0,0
2018,"DINOS, družba za pripravo sekundarnih surovin, d.o.o.; ŠLANDROVA ULICA 6, 1231 LJUBLJANA - ČRNUČE","POMURSKA","20 01 01","Paper and Cardboard from Municipal Waste (20 01 01)","Municipal Waste",1760.236,0,0,1760.236,0
2018,"DINOS, družba za pripravo sekundarnih surovin, d.o.o.; ŠLANDROVA ULICA 6, 1231 LJUBLJANA - ČRNUČE","POMURSKA","20 01 38","Non-hazardous Wood from Municipal Waste (20 01 38)","Municipal Waste",1746.81,0,1746.81,0,0
2018,"DINOS, družba za pripravo sekundarnih surovin, d.o.o.; ŠLANDROVA ULICA 6, 1231 LJUBLJANA - ČRNUČE","SAVINJSKA","15 01 01","Paper and Cardboard Packaging (15 01 01)","Packaging Waste",11869.183,0,0,11869.183,0
2018,"DINOS, družba za pripravo sekundarnih surovin, d.o.o.; ŠLANDROVA ULICA 6, 1231 LJUBLJANA - ČRNUČE","SAVINJSKA","15 01 03","Wooden Packaging (15 01 03)","Packaging Waste",1350.92,0,1350.92,0,0
2018,"DINOS, družba za pripravo sekundarnih surovin, d.o.o.; ŠLANDROVA ULICA 6, 1231 LJUBLJANA - ČRNUČE","SAVINJSKA","19 12 01","Paper and Cardboard from Waste Treatment (19 12 01)","Waste Treatment Residues",40.369,0,22.36,18.009,0
2018,"DINOS, družba za pripravo sekundarnih surovin, d.o.o.; ŠLANDROVA ULICA 6, 1231 LJUBLJANA - ČRNUČE","SAVINJSKA","20 01 01","Paper and Cardboard from Municipal Waste (20 01 01)","Municipal Waste",3657.372,0,206.605,3450.767,0
2018,"EKO PLASTKOM, trgovina, zbiranje in predelava sekundarnih surovin, d.o.o.; RAJŠPOVA ULICA 26, 2250 PTUJ","POMURSKA","15 01 03","Wooden Packaging (15 01 03)","Packaging Waste",6.117,0,6.117,0,0
2018,"EKO PLASTKOM, trgovina, zbiranje in predelava sekundarnih surovin, d.o.o.; RAJŠPOVA ULICA 26, 2250 PTUJ","POMURSKA","17 02 01","Construction Wood Waste (17 02 01)","Construction/Demolition Waste",35,0,35,0,0
2018,"EKO RECIKLAŽA trgovina, zbiranje in predelava sekundarnih surovin d.o.o.; SPODNJI PLAVŽ 14, 4270 JESENICE","GORENJSKA","20 01 01","Paper and Cardboard from Municipal Waste (20 01 01)","Municipal Waste",421.86,421.86,0,0,0
2018,"EKOL, zbiranje in predelava sekundarnih surovin, d.o.o.; LAZE 18A, 4000 KRANJ","GORENJSKA","15 01 01","Paper and Cardboard Packaging (15 01 01)","Packaging Waste",0.017,0,0.017,0,0
2018,"ELEMENT 29, storitve, d.o.o.; PLANJAVA 3, 1236 TRZIN","OSREDNJESLOVENSKA","15 01 01","Paper and Cardboard Packaging (15 01 01)","Packaging Waste",1.76,1.76,0,0,0
2018,"ELEMENT 29, storitve, d.o.o.; PLANJAVA 3, 1236 TRZIN","OSREDNJESLOVENSKA","15 01 03","Wooden Packaging (15 01 03)","Packaging Waste",45.62,42.7,2.92,0,0
2018,"ELEMENT 29, storitve, d.o.o.; PLANJAVA 3, 1236 TRZIN","OSREDNJESLOVENSKA","20 01 01","Paper and Cardboard from Municipal Waste (20 01 01)","Municipal Waste",9.55,9.55,0,0,0
2018,"FMG VZDRŽEVANJE, poslovne storitve in trgovina d.o.o.; STEGNE 21, 1000 LJUBLJANA","OSREDNJESLOVENSKA","15 01 01","Paper and Cardboard Packaging (15 01 01)","Packaging Waste",268.86,0,49.04,219.82,0
2018,"FMG VZDRŽEVANJE, poslovne storitve in trgovina d.o.o.; STEGNE 21, 1000 LJUBLJANA","OSREDNJESLOVENSKA","15 01 03","Wooden Packaging (15 01 03)","Packaging Waste",27.28,27.28,0,0,0
2018,"FMG VZDRŽEVANJE, poslovne storitve in trgovina d.o.o.; STEGNE 21, 1000 LJUBLJANA","OSREDNJESLOVENSKA","19 12 01","Paper and Cardboard from Waste Treatment (19 12 01)","Waste Treatment Residues",4267.67,0,4267.67,0,0
2018,"GOR, gospodarjenje z odpadki in reciklaža d.o.o.; MEŠKOVA ULICA 9, 3000 CELJE","OSREDNJESLOVENSKA","15 01 01","Paper and Cardboard Packaging (15 01 01)","Packaging Waste",132.04,0,132.04,0,0
2018,"Gorenje Surovina družba za predelavo odpadkov d.o.o., Poslovna enota KOPER; ULICA 15.MAJA 11, 6000 KOPER - CAPODISTRIA","OBALNO-KRAŠKA","15 01 01","Paper and Cardboard Packaging (15 01 01)","Packaging Waste",746.449,0,746.449,0,0
2018,"Gorenje Surovina družba za predelavo odpadkov d.o.o., Poslovna enota KOPER; ULICA 15.MAJA 11, 6000 KOPER - CAPODISTRIA","OBALNO-KRAŠKA","15 01 03","Wooden Packaging (15 01 03)","Packaging Waste",920.5,27.24,190.43,702.83,0
2018,"Gorenje Surovina družba za predelavo odpadkov d.o.o., Poslovna enota KOPER; ULICA 15.MAJA 11, 6000 KOPER - CAPODISTRIA","OBALNO-KRAŠKA","19 12 01","Paper and Cardboard from Waste Treatment (19 12 01)","Waste Treatment Residues",1157.83,0,712.4,445.43,0
2018,"Gorenje Surovina družba za predelavo odpadkov d.o.o., Poslovna enota KOPER; ULICA 15.MAJA 11, 6000 KOPER - CAPODISTRIA","OBALNO-KRAŠKA","20 01 01","Paper and Cardboard from Municipal Waste (20 01 01)","Municipal Waste",182.371,0,182.371,0,0
2018,"Gorenje Surovina družba za predelavo odpadkov d.o.o., Poslovna enota KRANJ; ULICA MIRKA VADNOVA 4, 4000 KRANJ","GORENJSKA","15 01 01","Paper and Cardboard Packaging (15 01 01)","Packaging Waste",1296.97,45.72,123.54,1127.71,0
2018,"Gorenje Surovina družba za predelavo odpadkov d.o.o., Poslovna enota KRANJ; ULICA MIRKA VADNOVA 4, 4000 KRANJ","GORENJSKA","15 01 03","Wooden Packaging (15 01 03)","Packaging Waste",704.625,128.78,575.845,0,0
2018,"Gorenje Surovina družba za predelavo odpadkov d.o.o., Poslovna enota KRANJ; ULICA MIRKA VADNOVA 4, 4000 KRANJ","GORENJSKA","19 12 01","Paper and Cardboard from Waste Treatment (19 12 01)","Waste Treatment Residues",1257.141,0,1257.141,0,0
2018,"Gorenje Surovina družba za predelavo odpadkov d.o.o., Poslovna enota KRANJ; ULICA MIRKA VADNOVA 4, 4000 KRANJ","GORENJSKA","20 01 01","Paper and Cardboard from Municipal Waste (20 01 01)","Municipal Waste",140.91,1.66,0,139.25,0
2018,"Gorenje Surovina družba za predelavo odpadkov d.o.o., Poslovna enota KRŠKO; CESTA 4. JULIJA 134A, 8270 KRŠKO","POSAVSKA","15 01 01","Paper and Cardboard Packaging (15 01 01)","Packaging Waste",1216.84,0,0,1216.84,0
2018,"Gorenje Surovina družba za predelavo odpadkov d.o.o., Poslovna enota KRŠKO; CESTA 4. JULIJA 134A, 8270 KRŠKO","POSAVSKA","15 01 03","Wooden Packaging (15 01 03)","Packaging Waste",80.7,48.68,32.02,0,0
2018,"Gorenje Surovina družba za predelavo odpadkov d.o.o., Poslovna enota KRŠKO; CESTA 4. JULIJA 134A, 8270 KRŠKO","POSAVSKA","19 12 01","Paper and Cardboard from Waste Treatment (19 12 01)","Waste Treatment Residues",379.9,21.54,358.36,0,0
2018,"Gorenje Surovina družba za predelavo odpadkov d.o.o., Poslovna enota LJUBLJANA I; CESTA DVEH CESARJEV 370, 1000 LJUBLJANA","OSREDNJESLOVENSKA","15 01 01","Paper and Cardboard Packaging (15 01 01)","Packaging Waste",14305.26,512.02,167.22,13603.14,22.88
2018,"Gorenje Surovina družba za predelavo odpadkov d.o.o., Poslovna enota LJUBLJANA I; CESTA DVEH CESARJEV 370, 1000 LJUBLJANA","OSREDNJESLOVENSKA","15 01 03","Wooden Packaging (15 01 03)","Packaging Waste",2069.537,683.56,1363.117,22.86,0
2018,"Gorenje Surovina družba za predelavo odpadkov d.o.o., Poslovna enota LJUBLJANA I; CESTA DVEH CESARJEV 370, 1000 LJUBLJANA","OSREDNJESLOVENSKA","19 12 01","Paper and Cardboard from Waste Treatment (19 12 01)","Waste Treatment Residues",952.888,0,723.468,229.42,0
2018,"Gorenje Surovina družba za predelavo odpadkov d.o.o., Poslovna enota NOVA GORICA; PANOVŠKA CESTA 3, 5000 NOVA GORICA","GORIŠKA","15 01 03","Wooden Packaging (15 01 03)","Packaging Waste",497.5,0,0,497.5,0
2018,"Gorenje Surovina družba za predelavo odpadkov d.o.o., Poslovna enota NOVA GORICA; PANOVŠKA CESTA 3, 5000 NOVA GORICA","GORIŠKA","19 12 01","Paper and Cardboard from Waste Treatment (19 12 01)","Waste Treatment Residues",59.141,0,16.721,42.42,0
2018,"Gorenje Surovina družba za predelavo odpadkov d.o.o., Poslovna enota PTUJ; PUHOVA ULICA 15, 2250 PTUJ","PODRAVSKA","15 01 01","Paper and Cardboard Packaging (15 01 01)","Packaging Waste",2440.278,0,0,2416.058,24.22
2018,"Gorenje Surovina družba za predelavo odpadkov d.o.o., Poslovna enota PTUJ; PUHOVA ULICA 15, 2250 PTUJ","PODRAVSKA","15 01 03","Wooden Packaging (15 01 03)","Packaging Waste",37.38,0,37.38,0,0
2018,"Gorenje Surovina družba za predelavo odpadkov d.o.o., Poslovna enota PTUJ; PUHOVA ULICA 15, 2250 PTUJ","PODRAVSKA","20 01 38","Non-hazardous Wood from Municipal Waste (20 01 38)","Municipal Waste",40.54,0,40.54,0,0
2018,"Gorenje Surovina družba za predelavo odpadkov d.o.o., Poslovna enota RAVNE; DOBJA VAS 188, 2390 RAVNE NA KOROŠKEM","KOROŠKA","15 01 03","Wooden Packaging (15 01 03)","Packaging Waste",112.4,0,112.4,0,0
2018,"Gorenje Surovina družba za predelavo odpadkov d.o.o., Poslovna enota SLOVENJ GRADEC; PAMEČE 163, 2380 SLOVENJ GRADEC","KOROŠKA","15 01 01","Paper and Cardboard Packaging (15 01 01)","Packaging Waste",237.01,0,0,237.01,0
2018,"Gorenje Surovina družba za predelavo odpadkov d.o.o., Poslovna enota SLOVENJ GRADEC; PAMEČE 163, 2380 SLOVENJ GRADEC","KOROŠKA","19 12 01","Paper and Cardboard from Waste Treatment (19 12 01)","Waste Treatment Residues",4482.584,0,3089.656,1392.928,0
2018,"Gorenje Surovina družba za predelavo odpadkov d.o.o., Poslovna enota TREBNJE; DOLENJA NEMŠKA VAS 28, 8210 TREBNJE","JUGOVZHODNA SLOVENIJA","15 01 01","Paper and Cardboard Packaging (15 01 01)","Packaging Waste",1127.5,0,0,1127.5,0
2018,"Gorenje Surovina družba za predelavo odpadkov d.o.o., Poslovna enota TREBNJE; DOLENJA NEMŠKA VAS 28, 8210 TREBNJE","JUGOVZHODNA SLOVENIJA","19 12 01","Paper and Cardboard from Waste Treatment (19 12 01)","Waste Treatment Residues",289.82,0,289.82,0,0
2018,"Gorenje Surovina družba za predelavo odpadkov d.o.o., Poslovna enota TREBNJE; DOLENJA NEMŠKA VAS 28, 8210 TREBNJE","JUGOVZHODNA SLOVENIJA","19 12 07","Wood Waste from Treatment (not 19 12 06) (19 12 07)","Waste Treatment Residues",925.36,925.36,0,0,0
2018,"Gorenje Surovina družba za predelavo odpadkov d.o.o., Poslovna enota TREBNJE; DOLENJA NEMŠKA VAS 28, 8210 TREBNJE","JUGOVZHODNA SLOVENIJA","20 01 01","Paper and Cardboard from Municipal Waste (20 01 01)","Municipal Waste",50.95,0,0,50.95,0
2018,"Gorenje Surovina družba za predelavo odpadkov d.o.o., Poslovna enota ŽALEC; ULICA SAVINJSKE ČETE 18, 3310 ŽALEC","SAVINJSKA","15 01 01","Paper and Cardboard Packaging (15 01 01)","Packaging Waste",4755.415,0,1298.52,3456.895,0
2018,"Gorenje Surovina družba za predelavo odpadkov d.o.o., Poslovna enota ŽALEC; ULICA SAVINJSKE ČETE 18, 3310 ŽALEC","SAVINJSKA","15 01 03","Wooden Packaging (15 01 03)","Packaging Waste",1951.762,0,1951.762,0,0
2018,"Gorenje Surovina družba za predelavo odpadkov d.o.o., Poslovna enota ŽALEC; ULICA SAVINJSKE ČETE 18, 3310 ŽALEC","SAVINJSKA","19 12 01","Paper and Cardboard from Waste Treatment (19 12 01)","Waste Treatment Residues",804.21,0,436.1,368.11,0
2018,"JAVNO KOMUNALNO PODJETJE GROSUPLJE d.o.o.; CESTA NA KRKO 7, 1290 GROSUPLJE","OSREDNJESLOVENSKA","20 01 38","Non-hazardous Wood from Municipal Waste (20 01 38)","Municipal Waste",66.29,0,66.29,0,0
2018,"JAVNO KOMUNALNO PODJETJE GROSUPLJE d.o.o.; CESTA NA KRKO 7, 1290 GROSUPLJE","OSREDNJESLOVENSKA","20 03 07","Bulky Municipal Waste (20 03 07)","Municipal Waste",366.51,0,366.51,0,0
2018,"JEKO, javno komunalno podjetje, d.o.o., Jesenice; CESTA MARŠALA TITA 51, 4270 JESENICE","GORENJSKA","20 01 01","Paper and Cardboard from Municipal Waste (20 01 01)","Municipal Waste",10.6,10.6,0,0,0
2018,"JEKO, javno komunalno podjetje, d.o.o., Jesenice; CESTA MARŠALA TITA 51, 4270 JESENICE","GORENJSKA","20 01 38","Non-hazardous Wood from Municipal Waste (20 01 38)","Municipal Waste",373.2,373.2,0,0,0
2018,"Javne službe Ptuj, podjetje za izvajanje gospodarskih javnih služb in drugih dejavnosti, d.o.o.; ULICA HEROJA LACKA 3, 2250 PTUJ","PODRAVSKA","15 01 01","Paper and Cardboard Packaging (15 01 01)","Packaging Waste",395.1,158.58,236.52,0,0
2018,"Javne službe Ptuj, podjetje za izvajanje gospodarskih javnih služb in drugih dejavnosti, d.o.o.; ULICA HEROJA LACKA 3, 2250 PTUJ","PODRAVSKA","19 12 01","Paper and Cardboard from Waste Treatment (19 12 01)","Waste Treatment Residues",31.32,0,31.32,0,0
2018,"Javne službe Ptuj, podjetje za izvajanje gospodarskih javnih služb in drugih dejavnosti, d.o.o.; ULICA HEROJA LACKA 3, 2250 PTUJ","PODRAVSKA","20 01 01","Paper and Cardboard from Municipal Waste (20 01 01)","Municipal Waste",1802.84,1388.98,413.86,0,0
2018,"Javne službe Ptuj, podjetje za izvajanje gospodarskih javnih služb in drugih dejavnosti, d.o.o.; ULICA HEROJA LACKA 3, 2250 PTUJ","PODRAVSKA","20 01 38","Non-hazardous Wood from Municipal Waste (20 01 38)","Municipal Waste",1098.483,0,1098.483,0,0
2018,"Javne službe Ptuj, podjetje za izvajanje gospodarskih javnih služb in drugih dejavnosti, d.o.o.; ULICA HEROJA LACKA 3, 2250 PTUJ","PODRAVSKA","20 03 07","Bulky Municipal Waste (20 03 07)","Municipal Waste",1233.946,0,1233.946,0,0
2018,"Javno podjetje Komunalno podjetje Vrhnika, d.o.o.; POT NA TOJNICE 40, 1360 VRHNIKA","OSREDNJESLOVENSKA","19 12 07","Wood Waste from Treatment (not 19 12 06) (19 12 07)","Waste Treatment Residues",1.24,1.24,0,0,0
2018,"Javno podjetje center za ravnanje z odpadki Puconci d.o.o.; VANEČA 81B, 9201 PUCONCI","POMURSKA","15 01 01","Paper and Cardboard Packaging (15 01 01)","Packaging Waste",390.045,34.58,355.465,0,0
2018,"Javno podjetje center za ravnanje z odpadki Puconci d.o.o.; VANEČA 81B, 9201 PUCONCI","POMURSKA","20 01 01","Paper and Cardboard from Municipal Waste (20 01 01)","Municipal Waste",606.4,259.96,346.44,0,0
2018,"Javno podjetje center za ravnanje z odpadki Puconci d.o.o.; VANEČA 81B, 9201 PUCONCI","POMURSKA","20 01 38","Non-hazardous Wood from Municipal Waste (20 01 38)","Municipal Waste",1008.98,0,1008.98,0,0
2018,"Javno podjetje center za ravnanje z odpadki Puconci d.o.o.; VANEČA 81B, 9201 PUCONCI","POMURSKA","20 03 07","Bulky Municipal Waste (20 03 07)","Municipal Waste",1556.17,0,1556.17,0,0
2018,"KEMIS kemični izdelki, predelava in odstranjevanje odpadkov d.o.o.; POT NA TOJNICE 42, 1360 VRHNIKA","OSREDNJESLOVENSKA","15 01 03","Wooden Packaging (15 01 03)","Packaging Waste",16.56,0,16.56,0,0
2018,"KEMIS kemični izdelki, predelava in odstranjevanje odpadkov d.o.o.; POT NA TOJNICE 42, 1360 VRHNIKA","OSREDNJESLOVENSKA","19 12 01","Paper and Cardboard from Waste Treatment (19 12 01)","Waste Treatment Residues",2.56,0,2.56,0,0
2018,"KOCEROD, družba za ravnanje z odpadki d.o.o.; MISLINJSKA DOBRAVA 108A, 2383 ŠMARTNO PRI SLOVENJ GRADCU","KOROŠKA","15 01 01","Paper and Cardboard Packaging (15 01 01)","Packaging Waste",590.48,590.48,0,0,0
2018,"KOCEROD, družba za ravnanje z odpadki d.o.o.; MISLINJSKA DOBRAVA 108A, 2383 ŠMARTNO PRI SLOVENJ GRADCU","KOROŠKA","20 01 38","Non-hazardous Wood from Municipal Waste (20 01 38)","Municipal Waste",888.18,0,888.18,0,0
2018,"KOMTEKS, zbiranje in odkup sekundarnih surovin, d.o.o.; LOKA 119, 4290 TRŽIČ","OSREDNJESLOVENSKA","15 01 01","Paper and Cardboard Packaging (15 01 01)","Packaging Waste",1035.601,325.601,710,0,0
2018,"KOMTEKS, zbiranje in odkup sekundarnih surovin, d.o.o.; LOKA 119, 4290 TRŽIČ","OSREDNJESLOVENSKA","15 01 03","Wooden Packaging (15 01 03)","Packaging Waste",43.16,2.92,0,40.24,0
2018,"KOMTEKS, zbiranje in odkup sekundarnih surovin, d.o.o.; LOKA 119, 4290 TRŽIČ","OSREDNJESLOVENSKA","19 12 01","Paper and Cardboard from Waste Treatment (19 12 01)","Waste Treatment Residues",63359.703,0,63359.703,0,0
2018,"KOMTEKS, zbiranje in odkup sekundarnih surovin, d.o.o.; LOKA 119, 4290 TRŽIČ","OSREDNJESLOVENSKA","20 01 01","Paper and Cardboard from Municipal Waste (20 01 01)","Municipal Waste",2552.374,2552.374,0,0,0
2018,"KOMTEKS, zbiranje in odkup sekundarnih surovin, d.o.o.; LOKA 119, 4290 TRŽIČ","OSREDNJESLOVENSKA","20 01 38","Non-hazardous Wood from Municipal Waste (20 01 38)","Municipal Waste",13.4,13.4,0,0,0
2018,"KOMUNALA SLOVENSKA BISTRICA podjetje za komunalne in druge storitve d.o.o.; ULICA POHORSKEGA BATALJONA 12, 2310 SLOVENSKA BISTRICA","PODRAVSKA","19 12 01","Paper and Cardboard from Waste Treatment (19 12 01)","Waste Treatment Residues",98.068,98.068,0,0,0
2018,"KOMUNALA TREBNJE d.o.o.; GOLIEV TRG 9, 8210 TREBNJE","JUGOVZHODNA SLOVENIJA","20 01 38","Non-hazardous Wood from Municipal Waste (20 01 38)","Municipal Waste",106.32,106.32,0,0,0
2018,"KOMUNALNO STANOVANJSKA DRUŽBA d.o.o. Ajdovščina; GORIŠKA CESTA 23B, 5270 AJDOVŠČINA","GORIŠKA","20 01 38","Non-hazardous Wood from Municipal Waste (20 01 38)","Municipal Waste",107.62,0,107.62,0,0
2018,"KOTO proizvodno in trgovsko podjetje, d.o.o., Ljubljana; AGROKOMBINATSKA CESTA 80, 1000 LJUBLJANA","OSREDNJESLOVENSKA","15 01 01","Paper and Cardboard Packaging (15 01 01)","Packaging Waste",18.339,0,18.339,0,0
2018,"KOTO proizvodno in trgovsko podjetje, d.o.o., Ljubljana; AGROKOMBINATSKA CESTA 80, 1000 LJUBLJANA","OSREDNJESLOVENSKA","15 01 03","Wooden Packaging (15 01 03)","Packaging Waste",2.97,0,2.97,0,0
2018,"Kostak, komunalno in gradbeno podjetje, d.d.; LESKOVŠKA CESTA 2A, 8270 KRŠKO","POSAVSKA","15 01 01","Paper and Cardboard Packaging (15 01 01)","Packaging Waste",335.36,0,335.36,0,0
2018,"Kostak, komunalno in gradbeno podjetje, d.d.; LESKOVŠKA CESTA 2A, 8270 KRŠKO","POSAVSKA","20 01 01","Paper and Cardboard from Municipal Waste (20 01 01)","Municipal Waste",1924.15,0,1924.15,0,0
2018,"ODPAD, zbiranje in predelava sekundarnih surovin ter trgovina d.o.o. Pivka; VELIKA PRISTAVA 23, 6257 PIVKA","PRIMORSKO-NOTRANJSKA","15 01 01","Paper and Cardboard Packaging (15 01 01)","Packaging Waste",244.092,0,105.34,138.752,0
2018,"PIKAS Podjetje za proizvodnjo, trgovino in storitve d.o.o.; POLJUBINJ 112, 5220 TOLMIN","GORIŠKA","19 12 01","Paper and Cardboard from Waste Treatment (19 12 01)","Waste Treatment Residues",0.909,0,0.909,0,0
2018,"PUBLIKUS gospodarjenje z odpadki d.o.o.; VODOVODNA CESTA 97, 1000 LJUBLJANA","OSREDNJESLOVENSKA","15 01 03","Wooden Packaging (15 01 03)","Packaging Waste",213.17,213.17,0,0,0
2018,"PUBLIKUS gospodarjenje z odpadki d.o.o.; VODOVODNA CESTA 97, 1000 LJUBLJANA","OSREDNJESLOVENSKA","19 12 01","Paper and Cardboard from Waste Treatment (19 12 01)","Waste Treatment Residues",311.28,21.62,289.66,0,0
2018,"PUBLIKUS gospodarjenje z odpadki d.o.o.; VODOVODNA CESTA 97, 1000 LJUBLJANA","OSREDNJESLOVENSKA","19 12 07","Wood Waste from Treatment (not 19 12 06) (19 12 07)","Waste Treatment Residues",4674.67,0,0,4674.67,0
2018,"PUBLIKUS gospodarjenje z odpadki d.o.o.; VODOVODNA CESTA 97, 1000 LJUBLJANA","OSREDNJESLOVENSKA","20 01 38","Non-hazardous Wood from Municipal Waste (20 01 38)","Municipal Waste",101.56,101.56,0,0,0
2018,"PUP - SAUBERMACHER, podjetje za ravnanje z odpadki d.o.o.; KOROŠKA CESTA 46, 3320 VELENJE","SAVINJSKA","17 02 01","Construction Wood Waste (17 02 01)","Construction/Demolition Waste",26.3,26.3,0,0,0
2018,"ROKS recikliranje in predelava organskih odpadkov d.o.o.; KAMNOGORIŠKA CESTA 6, 1000 LJUBLJANA","OSREDNJESLOVENSKA","19 12 07","Wood Waste from Treatment (not 19 12 06) (19 12 07)","Waste Treatment Residues",3576.72,0,3576.72,0,0
2018,"RecycLog, podjetje za ravnanje z odpadki in logistiko d.o.o.; CELARČEVA ULICA 1, 1000 LJUBLJANA","OSREDNJESLOVENSKA","19 12 01","Paper and Cardboard from Waste Treatment (19 12 01)","Waste Treatment Residues",681.491,0,631.921,49.57,0
2018,"RecycLog, podjetje za ravnanje z odpadki in logistiko d.o.o.; CELARČEVA ULICA 1, 1000 LJUBLJANA","OSREDNJESLOVENSKA","20 01 01","Paper and Cardboard from Municipal Waste (20 01 01)","Municipal Waste",93.48,0,0,93.48,0
2018,"SALOMON d.o.o., podjetje za zaposlovanje invalidov, proizvodnjo, posredovanje in storitve Ljubljana; VEVŠKA CESTA 52, 1260 LJUBLJANA - POLJE","JUGOVZHODNA SLOVENIJA","15 01 01","Paper and Cardboard Packaging (15 01 01)","Packaging Waste",835.439,0,811.539,23.9,0
2018,"SALOMON d.o.o., podjetje za zaposlovanje invalidov, proizvodnjo, posredovanje in storitve Ljubljana; VEVŠKA CESTA 52, 1260 LJUBLJANA - POLJE","JUGOVZHODNA SLOVENIJA","19 12 01","Paper and Cardboard from Waste Treatment (19 12 01)","Waste Treatment Residues",48.133,0,48.133,0,0
2018,"SALOMON d.o.o., podjetje za zaposlovanje invalidov, proizvodnjo, posredovanje in storitve Ljubljana; VEVŠKA CESTA 52, 1260 LJUBLJANA - POLJE","JUGOVZHODNA SLOVENIJA","20 01 01","Paper and Cardboard from Municipal Waste (20 01 01)","Municipal Waste",357.545,0,357.545,0,0
2018,"SALOMON d.o.o., podjetje za zaposlovanje invalidov, proizvodnjo, posredovanje in storitve Ljubljana; VEVŠKA CESTA 52, 1260 LJUBLJANA - POLJE","OSREDNJESLOVENSKA","15 01 01","Paper and Cardboard Packaging (15 01 01)","Packaging Waste",6008.39,0,3423.18,2585.21,0
2018,"SALOMON d.o.o., podjetje za zaposlovanje invalidov, proizvodnjo, posredovanje in storitve Ljubljana; VEVŠKA CESTA 52, 1260 LJUBLJANA - POLJE","OSREDNJESLOVENSKA","15 01 03","Wooden Packaging (15 01 03)","Packaging Waste",795.98,0,795.98,0,0
2018,"SALOMON d.o.o., podjetje za zaposlovanje invalidov, proizvodnjo, posredovanje in storitve Ljubljana; VEVŠKA CESTA 52, 1260 LJUBLJANA - POLJE","OSREDNJESLOVENSKA","19 12 01","Paper and Cardboard from Waste Treatment (19 12 01)","Waste Treatment Residues",11713.834,0,1655.374,6215.16,3843.3
2018,"SALOMON d.o.o., podjetje za zaposlovanje invalidov, proizvodnjo, posredovanje in storitve Ljubljana; VEVŠKA CESTA 52, 1260 LJUBLJANA - POLJE","OSREDNJESLOVENSKA","20 01 01","Paper and Cardboard from Municipal Waste (20 01 01)","Municipal Waste",4995.675,645.578,4088.442,261.655,0
2018,"SALOMON d.o.o., podjetje za zaposlovanje invalidov, proizvodnjo, posredovanje in storitve Ljubljana; VEVŠKA CESTA 52, 1260 LJUBLJANA - POLJE","PODRAVSKA","15 01 01","Paper and Cardboard Packaging (15 01 01)","Packaging Waste",1245.213,165.282,814.181,265.75,0
2018,"SALOMON d.o.o., podjetje za zaposlovanje invalidov, proizvodnjo, posredovanje in storitve Ljubljana; VEVŠKA CESTA 52, 1260 LJUBLJANA - POLJE","PODRAVSKA","15 01 03","Wooden Packaging (15 01 03)","Packaging Waste",25.84,0,25.84,0,0
2018,"SALOMON d.o.o., podjetje za zaposlovanje invalidov, proizvodnjo, posredovanje in storitve Ljubljana; VEVŠKA CESTA 52, 1260 LJUBLJANA - POLJE","PODRAVSKA","19 12 01","Paper and Cardboard from Waste Treatment (19 12 01)","Waste Treatment Residues",1726.376,17.72,749.16,919.236,40.26
2018,"SALOMON d.o.o., podjetje za zaposlovanje invalidov, proizvodnjo, posredovanje in storitve Ljubljana; VEVŠKA CESTA 52, 1260 LJUBLJANA - POLJE","PODRAVSKA","19 12 07","Wood Waste from Treatment (not 19 12 06) (19 12 07)","Waste Treatment Residues",34.18,34.18,0,0,0
2018,"SALOMON d.o.o., podjetje za zaposlovanje invalidov, proizvodnjo, posredovanje in storitve Ljubljana; VEVŠKA CESTA 52, 1260 LJUBLJANA - POLJE","PODRAVSKA","20 01 01","Paper and Cardboard from Municipal Waste (20 01 01)","Municipal Waste",1500.567,22.04,1029.907,448.62,0
2018,"SAUBERMACHER SLOVENIJA storitve pri varstvu okolja, trgovina in transport d.o.o.; ULICA MATIJE GUBCA 2, 9000 MURSKA SOBOTA","OSREDNJESLOVENSKA","15 01 01","Paper and Cardboard Packaging (15 01 01)","Packaging Waste",1136.129,1089.949,46.18,0,0
2018,"SAUBERMACHER SLOVENIJA storitve pri varstvu okolja, trgovina in transport d.o.o.; ULICA MATIJE GUBCA 2, 9000 MURSKA SOBOTA","OSREDNJESLOVENSKA","15 01 03","Wooden Packaging (15 01 03)","Packaging Waste",247.65,247.65,0,0,0
2018,"SAUBERMACHER SLOVENIJA storitve pri varstvu okolja, trgovina in transport d.o.o.; ULICA MATIJE GUBCA 2, 9000 MURSKA SOBOTA","OSREDNJESLOVENSKA","20 01 01","Paper and Cardboard from Municipal Waste (20 01 01)","Municipal Waste",17.771,0,1.814,15.957,0
2018,"SAUBERMACHER SLOVENIJA storitve pri varstvu okolja, trgovina in transport d.o.o.; ULICA MATIJE GUBCA 2, 9000 MURSKA SOBOTA","OSREDNJESLOVENSKA","20 03 07","Bulky Municipal Waste (20 03 07)","Municipal Waste",249.679,0,249.679,0,0
2018,"SAUBERMACHER SLOVENIJA storitve pri varstvu okolja, trgovina in transport d.o.o.; ULICA MATIJE GUBCA 2, 9000 MURSKA SOBOTA","PODRAVSKA","15 01 01","Paper and Cardboard Packaging (15 01 01)","Packaging Waste",1959.541,218.98,1417.099,323.462,0
2018,"SAUBERMACHER SLOVENIJA storitve pri varstvu okolja, trgovina in transport d.o.o.; ULICA MATIJE GUBCA 2, 9000 MURSKA SOBOTA","PODRAVSKA","20 01 01","Paper and Cardboard from Municipal Waste (20 01 01)","Municipal Waste",1243.129,307.76,935.369,0,0
2018,"SAUBERMACHER SLOVENIJA storitve pri varstvu okolja, trgovina in transport d.o.o.; ULICA MATIJE GUBCA 2, 9000 MURSKA SOBOTA","PODRAVSKA","20 03 07","Bulky Municipal Waste (20 03 07)","Municipal Waste",1478.473,0,1478.473,0,0
2018,"SIMBIO, družba za ravnanje z odpadki d.o.o.; TEHARSKA CESTA 49, 3000 CELJE","SAVINJSKA","15 01 01","Paper and Cardboard Packaging (15 01 01)","Packaging Waste",140.867,57.04,83.827,0,0
2018,"SIMBIO, družba za ravnanje z odpadki d.o.o.; TEHARSKA CESTA 49, 3000 CELJE","SAVINJSKA","19 12 07","Wood Waste from Treatment (not 19 12 06) (19 12 07)","Waste Treatment Residues",1342.92,1342.92,0,0,0
2018,"SIMBIO, družba za ravnanje z odpadki d.o.o.; TEHARSKA CESTA 49, 3000 CELJE","SAVINJSKA","20 01 01","Paper and Cardboard from Municipal Waste (20 01 01)","Municipal Waste",1705.24,0,1705.24,0,0
2018,"SNAGA Javno podjetje d.o.o.; POVŠETOVA ULICA 6, 1000 LJUBLJANA","OSREDNJESLOVENSKA","19 12 07","Wood Waste from Treatment (not 19 12 06) (19 12 07)","Waste Treatment Residues",266.46,136.44,130.02,0,0
2018,"SNAGA Javno podjetje d.o.o.; POVŠETOVA ULICA 6, 1000 LJUBLJANA","OSREDNJESLOVENSKA","20 01 38","Non-hazardous Wood from Municipal Waste (20 01 38)","Municipal Waste",6551.42,2693.36,3858.06,0,0
2018,"SNAGA, družba za ravnanje z odpadki in druge komunalne storitve, d.o.o.; NASIPNA ULICA 64, 2000 MARIBOR","PODRAVSKA","20 01 01","Paper and Cardboard from Municipal Waste (20 01 01)","Municipal Waste",524.9,505.18,19.72,0,0
2018,"TERMIT, rudarsko podjetje za pridobivanje kremenovih peskov d.d.; DRTIJA 51, 1251 MORAVČE","OSREDNJESLOVENSKA","15 01 03","Wooden Packaging (15 01 03)","Packaging Waste",1.854,1.854,0,0,0
2018,"TISA podjetje za opravljanje gozdarskih storitev, d.o.o.; CESTA V PROD 84, 1000 LJUBLJANA","OSREDNJESLOVENSKA","03 01 05","Sawdust/Shavings/Cuttings (03 01 05)","Wood/Paper Production Waste",19.7,0,19.7,0,0
2018,"VAČO varovanje okolja d.o.o.; ZDOLSKA CESTA 11, 8270 KRŠKO","OSREDNJESLOVENSKA","20 01 01","Paper and Cardboard from Municipal Waste (20 01 01)","Municipal Waste",1323.439,0,1323.439,0,0
2018,"VIPAP VIDEM KRŠKO proizvodnja papirja in vlaknin d.d.; TOVARNIŠKA ULICA 18, 8270 KRŠKO","POSAVSKA","19 12 01","Paper and Cardboard from Waste Treatment (19 12 01)","Waste Treatment Residues",7605.751,40.791,0,7564.96,0
2018,"VIPAP VIDEM KRŠKO proizvodnja papirja in vlaknin d.d.; TOVARNIŠKA ULICA 18, 8270 KRŠKO","POSAVSKA","20 01 01","Paper and Cardboard from Municipal Waste (20 01 01)","Municipal Waste",12.1,0,12.1,0,0
