"name_of_company","waste_code","name_of_municipality","total_waste_collected","type_of_waste","statistical_region"
"ČISTO MESTO PTUJ podjetje za gospodarjenje z odpadki d.o.o.","15 01 01","CIRKULANE",12080,"Paper/Cardboard Packaging","PODRAVSKA"
"ČISTO MESTO PTUJ podjetje za gospodarjenje z odpadki d.o.o.","15 01 01","DESTRNIK",22458,"Paper/Cardboard Packaging","PODRAVSKA"
"ČISTO MESTO PTUJ podjetje za gospodarjenje z odpadki d.o.o.","15 01 01","DUPLEK",63316,"Paper/Cardboard Packaging","PODRAVSKA"
"ČISTO MESTO PTUJ podjetje za gospodarjenje z odpadki d.o.o.","15 01 01","KIDRIČEVO",63209,"Paper/Cardboard Packaging","PODRAVSKA"
"ČISTO MESTO PTUJ podjetje za gospodarjenje z odpadki d.o.o.","15 01 01","MAJŠPERK",29938,"Paper/Cardboard Packaging","PODRAVSKA"
"ČISTO MESTO PTUJ podjetje za gospodarjenje z odpadki d.o.o.","15 01 01","PODLEHNIK",10182,"Paper/Cardboard Packaging","PODRAVSKA"
"ČISTO MESTO PTUJ podjetje za gospodarjenje z odpadki d.o.o.","15 01 01","SVETI ANDRAŽ V SLOV. GORICAH",8778,"Paper/Cardboard Packaging","PODRAVSKA"
"ČISTO MESTO PTUJ podjetje za gospodarjenje z odpadki d.o.o.","15 01 01","TRNOVSKA VAS",8407,"Paper/Cardboard Packaging","PODRAVSKA"
"ČISTO MESTO PTUJ podjetje za gospodarjenje z odpadki d.o.o.","15 01 01","VIDEM",31244,"Paper/Cardboard Packaging","PODRAVSKA"
"ČISTO MESTO PTUJ podjetje za gospodarjenje z odpadki d.o.o.","15 01 01","ZAVRČ",6901,"Paper/Cardboard Packaging","PODRAVSKA"
"ČISTO MESTO PTUJ podjetje za gospodarjenje z odpadki d.o.o.","15 01 01","ŽETALE",7295,"Paper/Cardboard Packaging","PODRAVSKA"
"ČISTO MESTO PTUJ podjetje za gospodarjenje z odpadki d.o.o.","20 01 38","DUPLEK",80751,"Wood, not specified in 20 01 37","PODRAVSKA"
"ČISTO MESTO PTUJ podjetje za gospodarjenje z odpadki d.o.o.","20 01 38","KIDRIČEVO",135100,"Wood, not specified in 20 01 37","PODRAVSKA"
"ČISTO MESTO PTUJ podjetje za gospodarjenje z odpadki d.o.o.","20 01 38","MAJŠPERK",41950,"Wood, not specified in 20 01 37","PODRAVSKA"
"ČISTO MESTO PTUJ podjetje za gospodarjenje z odpadki d.o.o.","20 01 38","MARIBOR",35655,"Wood, not specified in 20 01 37","PODRAVSKA"
"ČISTO MESTO PTUJ podjetje za gospodarjenje z odpadki d.o.o.","20 01 38","TRNOVSKA VAS",27881,"Wood, not specified in 20 01 37","PODRAVSKA"
"ČISTO MESTO PTUJ podjetje za gospodarjenje z odpadki d.o.o.","20 01 38","VIDEM",37982,"Wood, not specified in 20 01 37","PODRAVSKA"
"ČISTO MESTO PTUJ podjetje za gospodarjenje z odpadki d.o.o.","20 01 38","ŽETALE",23370,"Wood, not specified in 20 01 37","PODRAVSKA"
"EKO-PARK d.o.o. Lendava, javno podjetje OKO-PARK Kft. Lendva, kozhasznu vallalat","15 01 01","LENDAVA",89849,"Paper/Cardboard Packaging","POMURSKA"
"INFRASTRUKTURA BLED d.o.o.","15 01 01","BLED",115639,"Paper/Cardboard Packaging","GORENJSKA"
"INFRASTRUKTURA BLED d.o.o.","15 01 01","GORJE",12308,"Paper/Cardboard Packaging","GORENJSKA"
"INFRASTRUKTURA BLED d.o.o.","20 01 38","BLED",464512,"Wood, not specified in 20 01 37","GORENJSKA"
"INFRASTRUKTURA BLED d.o.o.","20 01 38","GORJE",76068,"Wood, not specified in 20 01 37","GORENJSKA"
"Javne službe Ptuj, podjetje za izvajanje gospodarskih javnih služb in drugih dejavnosti, d.o.o.","15 01 01","DORNAVA",20166,"Paper/Cardboard Packaging","PODRAVSKA"
"Javne službe Ptuj, podjetje za izvajanje gospodarskih javnih služb in drugih dejavnosti, d.o.o.","15 01 01","PTUJ",253599,"Paper/Cardboard Packaging","PODRAVSKA"
"Javne službe Ptuj, podjetje za izvajanje gospodarskih javnih služb in drugih dejavnosti, d.o.o.","20 01 38","DORNAVA",33956,"Wood, not specified in 20 01 37","PODRAVSKA"
"Javne službe Ptuj, podjetje za izvajanje gospodarskih javnih služb in drugih dejavnosti, d.o.o.","20 01 38","PTUJ",1120890,"Wood, not specified in 20 01 37","PODRAVSKA"
"JAVNO KOMUNALNO PODJETJE DRAVOGRAD d.o.o.","15 01 01","DRAVOGRAD",119630,"Paper/Cardboard Packaging","KOROŠKA"
"JAVNO KOMUNALNO PODJETJE GROSUPLJE d.o.o.","15 01 01","DOBREPOLJE",5906,"Paper/Cardboard Packaging","OSREDNJESLOVENSKA"
"JAVNO KOMUNALNO PODJETJE GROSUPLJE d.o.o.","15 01 01","GROSUPLJE",188970,"Paper/Cardboard Packaging","OSREDNJESLOVENSKA"
"JAVNO KOMUNALNO PODJETJE GROSUPLJE d.o.o.","15 01 01","IVANČNA GORICA",100390,"Paper/Cardboard Packaging","OSREDNJESLOVENSKA"
"JAVNO KOMUNALNO PODJETJE GROSUPLJE d.o.o.","15 01 03","DOBREPOLJE",1198,"Wooden packaging","OSREDNJESLOVENSKA"
"JAVNO KOMUNALNO PODJETJE GROSUPLJE d.o.o.","15 01 03","GROSUPLJE",38349,"Wooden packaging","OSREDNJESLOVENSKA"
"JAVNO KOMUNALNO PODJETJE GROSUPLJE d.o.o.","15 01 03","IVANČNA GORICA",20373,"Wooden packaging","OSREDNJESLOVENSKA"
"JAVNO KOMUNALNO PODJETJE GROSUPLJE d.o.o.","20 01 38","DOBREPOLJE",14613,"Wood, not specified in 20 01 37","OSREDNJESLOVENSKA"
"JAVNO KOMUNALNO PODJETJE GROSUPLJE d.o.o.","20 01 38","GROSUPLJE",410350,"Wood, not specified in 20 01 37","OSREDNJESLOVENSKA"
"JAVNO KOMUNALNO PODJETJE GROSUPLJE d.o.o.","20 01 38","IVANČNA GORICA",183867,"Wood, not specified in 20 01 37","OSREDNJESLOVENSKA"
"JAVNO KOMUNALNO PODJETJE KOMUNALA KOČEVJE d.o.o.","15 01 01","KOČEVJE",184500,"Paper/Cardboard Packaging","JUGOVZHODNA SLOVENIJA"
"JAVNO KOMUNALNO PODJETJE KOMUNALA KOČEVJE d.o.o.","15 01 01","KOSTEL",11760,"Paper/Cardboard Packaging","JUGOVZHODNA SLOVENIJA"
"JAVNO KOMUNALNO PODJETJE KOMUNALA KOČEVJE d.o.o.","20 01 38","KOČEVJE",503150,"Wood, not specified in 20 01 37","JUGOVZHODNA SLOVENIJA"
"JAVNO KOMUNALNO PODJETJE KOMUNALA KOČEVJE d.o.o.","20 01 38","KOSTEL",29860,"Wood, not specified in 20 01 37","JUGOVZHODNA SLOVENIJA"
"JAVNO KOMUNALNO PODJETJE KOMUNALA RIBNICA d.o.o.","15 01 01","LOŠKI POTOK",14145,"Paper/Cardboard Packaging","JUGOVZHODNA SLOVENIJA"
"JAVNO KOMUNALNO PODJETJE KOMUNALA RIBNICA d.o.o.","15 01 01","RIBNICA",60541,"Paper/Cardboard Packaging","JUGOVZHODNA SLOVENIJA"
"JAVNO KOMUNALNO PODJETJE KOMUNALA RIBNICA d.o.o.","15 01 01","SODRAŽICA",14279,"Paper/Cardboard Packaging","JUGOVZHODNA SLOVENIJA"
"JAVNO KOMUNALNO PODJETJE KOMUNALA RIBNICA d.o.o.","20 01 38","LOŠKI POTOK",46634,"Wood, not specified in 20 01 37","JUGOVZHODNA SLOVENIJA"
"JAVNO KOMUNALNO PODJETJE KOMUNALA RIBNICA d.o.o.","20 01 38","RIBNICA",199591,"Wood, not specified in 20 01 37","JUGOVZHODNA SLOVENIJA"
"JAVNO KOMUNALNO PODJETJE KOMUNALA RIBNICA d.o.o.","20 01 38","SODRAŽICA",47075,"Wood, not specified in 20 01 37","JUGOVZHODNA SLOVENIJA"
"JAVNO KOMUNALNO PODJETJE LOG d.o.o.","15 01 01","ČRNA NA KOROŠKEM",6310,"Paper/Cardboard Packaging","KOROŠKA"
"JAVNO KOMUNALNO PODJETJE LOG d.o.o.","15 01 01","MEŽICA",6849,"Paper/Cardboard Packaging","KOROŠKA"
"JAVNO KOMUNALNO PODJETJE LOG d.o.o.","15 01 01","PREVALJE",12513,"Paper/Cardboard Packaging","KOROŠKA"
"JAVNO KOMUNALNO PODJETJE LOG d.o.o.","15 01 01","RAVNE NA KOROŠKEM",22010,"Paper/Cardboard Packaging","KOROŠKA"
"JAVNO KOMUNALNO PODJETJE PRODNIK d.o.o.","15 01 01","DOMŽALE",364220,"Paper/Cardboard Packaging","OSREDNJESLOVENSKA"
"JAVNO KOMUNALNO PODJETJE PRODNIK d.o.o.","15 01 01","LUKOVICA",48562,"Paper/Cardboard Packaging","OSREDNJESLOVENSKA"
"JAVNO KOMUNALNO PODJETJE PRODNIK d.o.o.","15 01 01","MENGEŠ",72843,"Paper/Cardboard Packaging","OSREDNJESLOVENSKA"
"JAVNO KOMUNALNO PODJETJE PRODNIK d.o.o.","15 01 01","MORAVČE",48562,"Paper/Cardboard Packaging","OSREDNJESLOVENSKA"
"JAVNO KOMUNALNO PODJETJE PRODNIK d.o.o.","15 01 01","TRZIN",72843,"Paper/Cardboard Packaging","OSREDNJESLOVENSKA"
"JAVNO KOMUNALNO PODJETJE PRODNIK d.o.o.","20 01 38","DOMŽALE",836499,"Wood, not specified in 20 01 37","OSREDNJESLOVENSKA"
"JAVNO KOMUNALNO PODJETJE PRODNIK d.o.o.","20 01 38","LUKOVICA",111533,"Wood, not specified in 20 01 37","OSREDNJESLOVENSKA"
"JAVNO KOMUNALNO PODJETJE PRODNIK d.o.o.","20 01 38","MENGEŠ",167299,"Wood, not specified in 20 01 37","OSREDNJESLOVENSKA"
"JAVNO KOMUNALNO PODJETJE PRODNIK d.o.o.","20 01 38","MORAVČE",111533,"Wood, not specified in 20 01 37","OSREDNJESLOVENSKA"
"JAVNO KOMUNALNO PODJETJE PRODNIK d.o.o.","20 01 38","TRZIN",167299,"Wood, not specified in 20 01 37","OSREDNJESLOVENSKA"
"JAVNO KOMUNALNO PODJETJE RADLJE OB DRAVI d.o.o.","15 01 01","MUTA",6265,"Paper/Cardboard Packaging","KOROŠKA"
"JAVNO KOMUNALNO PODJETJE RADLJE OB DRAVI d.o.o.","15 01 01","PODVELKA",6873,"Paper/Cardboard Packaging","KOROŠKA"
"JAVNO KOMUNALNO PODJETJE RADLJE OB DRAVI d.o.o.","15 01 01","RADLJE OB DRAVI",25807,"Paper/Cardboard Packaging","KOROŠKA"
"JAVNO KOMUNALNO PODJETJE RADLJE OB DRAVI d.o.o.","15 01 01","RIBNICA NA POHORJU",1449,"Paper/Cardboard Packaging","KOROŠKA"
"JAVNO KOMUNALNO PODJETJE RADLJE OB DRAVI d.o.o.","15 01 01","VUZENICA",6358,"Paper/Cardboard Packaging","KOROŠKA"
"Javno podjetje center za ravnanje z odpadki Puconci d.o.o.","15 01 01","PUCONCI",31320,"Paper/Cardboard Packaging","POMURSKA"
"Javno podjetje center za ravnanje z odpadki Puconci d.o.o.","20 01 38","GORNJI PETROVCI",460,"Wood, not specified in 20 01 37","POMURSKA"
"Javno podjetje center za ravnanje z odpadki Puconci d.o.o.","20 01 38","PUCONCI",5300,"Wood, not specified in 20 01 37","POMURSKA"
"Javno podjetje Komunala Brežice d.o.o.","15 01 01","BREŽICE",201980,"Paper/Cardboard Packaging","POSAVSKA"
"JAVNO PODJETJE KOMUNALA CERKNICA d.o.o. Cerknica","15 01 01","CERKNICA",57204,"Paper/Cardboard Packaging","PRIMORSKONOTRANJSKA"
"JAVNO PODJETJE KOMUNALA CERKNICA d.o.o. Cerknica","15 01 01","LOŠKA DOLINA",19068,"Paper/Cardboard Packaging","PRIMORSKONOTRANJSKA"
"JAVNO PODJETJE KOMUNALA CERKNICA d.o.o. Cerknica","15 01 03","CERKNICA",41490,"Wooden packaging","PRIMORSKONOTRANJSKA"
"JAVNO PODJETJE KOMUNALA CERKNICA d.o.o. Cerknica","15 01 03","LOŠKA DOLINA",13830,"Wooden packaging","PRIMORSKONOTRANJSKA"
"JAVNO PODJETJE KOMUNALA CERKNICA d.o.o. Cerknica","20 01 38","CERKNICA",325860,"Wood, not specified in 20 01 37","PRIMORSKONOTRANJSKA"
"JAVNO PODJETJE KOMUNALA CERKNICA d.o.o. Cerknica","20 01 38","LOŠKA DOLINA",108620,"Wood, not specified in 20 01 37","PRIMORSKONOTRANJSKA"
"JAVNO PODJETJE KOMUNALA ČRNOMELJ d.o.o.","15 01 01","ČRNOMELJ",137734,"Paper/Cardboard Packaging","JUGOVZHODNA SLOVENIJA"
"JAVNO PODJETJE KOMUNALA ČRNOMELJ d.o.o.","15 01 01","SEMIČ",44986,"Paper/Cardboard Packaging","JUGOVZHODNA SLOVENIJA"
"JAVNO PODJETJE KOMUNALA, d.o.o. Mozirje","15 01 01","MOZIRJE",32015,"Paper/Cardboard Packaging","SAVINJSKA"
"JAVNO PODJETJE KOMUNALA, d.o.o. Mozirje","15 01 01","REČICA OB SAVINJI",18009,"Paper/Cardboard Packaging","SAVINJSKA"
"JAVNO PODJETJE KOMUNALA d.o.o. Sevnica","15 01 01","SEVNICA",117650,"Paper/Cardboard Packaging","POSAVSKA"
"JAVNO PODJETJE KOMUNALA d.o.o. Sevnica","15 01 03","SEVNICA",5760,"Wooden packaging","POSAVSKA"
"JAVNO PODJETJE KOMUNALA d.o.o. Sevnica","20 01 38","SEVNICA",244120,"Wood, not specified in 20 01 37","POSAVSKA"
"Javno podjetje KOMUNALA Idrija d.o.o.","15 01 01","CERKNO",75638,"Paper/Cardboard Packaging","GORIŠKA"
"Javno podjetje KOMUNALA Idrija d.o.o.","15 01 01","IDRIJA",228682,"Paper/Cardboard Packaging","GORIŠKA"
"Javno podjetje KOMUNALA Idrija d.o.o.","20 01 38","CERKNO",117477,"Wood, not specified in 20 01 37","GORIŠKA"
"Javno podjetje KOMUNALA Idrija d.o.o.","20 01 38","IDRIJA",379233,"Wood, not specified in 20 01 37","GORIŠKA"
"JAVNO PODJETJE KOMUNALA ILIRSKA BISTRICA, d.o.o.","15 01 01","ILIRSKA BISTRICA",160904,"Paper/Cardboard Packaging","PRIMORSKONOTRANJSKA"
"JAVNO PODJETJE KOMUNALA ILIRSKA BISTRICA, d.o.o.","20 01 38","ILIRSKA BISTRICA",205680,"Wood, not specified in 20 01 37","PRIMORSKONOTRANJSKA"
"JAVNO PODJETJE KOMUNALA Izola, d.o.o. Azienda pubblica KOMUNALA Isola, S.r.l.","15 01 01","IZOLA",256102,"Paper/Cardboard Packaging","OBALNOKRAŠKA"
"JAVNO PODJETJE KOMUNALA Izola, d.o.o. Azienda pubblica KOMUNALA Isola, S.r.l.","15 01 03","IZOLA",11000,"Wooden packaging","OBALNOKRAŠKA"
"JAVNO PODJETJE KOMUNALA Izola, d.o.o. Azienda pubblica KOMUNALA Isola, S.r.l.","20 01 38","IZOLA",754880,"Wood, not specified in 20 01 37","OBALNOKRAŠKA"
"JAVNO PODJETJE KOMUNALA LAŠKO d.o.o.","15 01 01","LAŠKO",162553,"Paper/Cardboard Packaging","SAVINJSKA"
"JAVNO PODJETJE KOMUNALA LAŠKO d.o.o.","20 01 38","LAŠKO",27060,"Wood, not specified in 20 01 37","SAVINJSKA"
"JAVNO PODJETJE KOMUNALA RADEČE d.o.o.","15 01 01","RADEČE",28600,"Paper/Cardboard Packaging","POSAVSKA"
"JAVNO PODJETJE KOMUNALA RADEČE d.o.o.","20 01 38","RADEČE",67300,"Wood, not specified in 20 01 37","POSAVSKA"
"JAVNO PODJETJE KOMUNALA SLOVENJ GRADEC d.o.o.","15 01 01","MISLINJA",36452,"Paper/Cardboard Packaging","KOROŠKA"
"JAVNO PODJETJE KOMUNALA SLOVENJ GRADEC d.o.o.","15 01 01","SLOVENJ GRADEC",145808,"Paper/Cardboard Packaging","KOROŠKA"
"JAVNO PODJETJE KOMUNALA TRBOVLJE d.o.o.","15 01 01","TRBOVLJE",113770,"Paper/Cardboard Packaging","ZASAVSKA"
"JAVNO PODJETJE KOMUNALA TRBOVLJE d.o.o.","15 01 03","TRBOVLJE",1100,"Wooden packaging","ZASAVSKA"
"JAVNO PODJETJE KOMUNALA TRBOVLJE d.o.o.","20 01 38","TRBOVLJE",500100,"Wood, not specified in 20 01 37","ZASAVSKA"
"JAVNO PODJETJE KOMUNALA ZAGORJE, d.o.o.","15 01 01","ZAGORJE OB SAVI",133970,"Paper/Cardboard Packaging","ZASAVSKA"
"JAVNO PODJETJE KOMUNALA ZAGORJE, d.o.o.","20 01 38","ZAGORJE OB SAVI",386000,"Wood, not specified in 20 01 37","ZASAVSKA"
"Javno podjetje Komunalno podjetje Logatec, d.o.o.","15 01 01","LOGATEC",134500,"Paper/Cardboard Packaging","OSREDNJESLOVENSKA"
"Javno podjetje Komunalno podjetje Logatec, d.o.o.","20 01 38","LOGATEC",322670,"Wood, not specified in 20 01 37","OSREDNJESLOVENSKA"
"Javno podjetje Komunalno podjetje Vrhnika, d.o.o.","15 01 01","BOROVNICA",29580,"Paper/Cardboard Packaging","OSREDNJESLOVENSKA"
"Javno podjetje Komunalno podjetje Vrhnika, d.o.o.","15 01 01","LOG-DRAGOMER",23010,"Paper/Cardboard Packaging","OSREDNJESLOVENSKA"
"Javno podjetje Komunalno podjetje Vrhnika, d.o.o.","15 01 01","VRHNIKA",111729,"Paper/Cardboard Packaging","OSREDNJESLOVENSKA"
"Javno podjetje Komunalno podjetje Vrhnika, d.o.o.","20 01 38","BOROVNICA",107541,"Wood, not specified in 20 01 37","OSREDNJESLOVENSKA"
"Javno podjetje Komunalno podjetje Vrhnika, d.o.o.","20 01 38","LOG-DRAGOMER",83643,"Wood, not specified in 20 01 37","OSREDNJESLOVENSKA"
"Javno podjetje Komunalno podjetje Vrhnika, d.o.o.","20 01 38","VRHNIKA",406266,"Wood, not specified in 20 01 37","OSREDNJESLOVENSKA"
"JAVNO PODJETJE KOMUNALNO STANOVANJSKO PODJETJE Litija, d.o.o.","15 01 01","LITIJA",122848,"Paper/Cardboard Packaging","ZASAVSKA"
"JAVNO PODJETJE KOMUNALNO STANOVANJSKO PODJETJE Litija, d.o.o.","15 01 01","ŠMARTNO PRI LITIJI",43160,"Paper/Cardboard Packaging","OSREDNJESLOVENSKA"
"JAVNO PODJETJE KOMUNALNO STANOVANJSKO PODJETJE Litija, d.o.o.","20 01 38","LITIJA",208495,"Wood, not specified in 20 01 37","ZASAVSKA"
"JAVNO PODJETJE KOMUNALNO STANOVANJSKO PODJETJE Litija, d.o.o.","20 01 38","ŠMARTNO PRI LITIJI",73255,"Wood, not specified in 20 01 37","OSREDNJESLOVENSKA"
"Javno podjetje OKOLJE Piran, d.o.o.","15 01 01","PIRAN",586066,"Paper/Cardboard Packaging","OBALNOKRAŠKA"
"Javno podjetje OKOLJE Piran, d.o.o.","20 01 38","PIRAN",591470,"Wood, not specified in 20 01 37","OBALNOKRAŠKA"
"JAVNO PODJETJE VODOVOD KANALIZACIJA SNAGA d.o.o.","15 01 01","BREZOVICA",50513,"Paper/Cardboard Packaging","OSREDNJESLOVENSKA"
"JAVNO PODJETJE VODOVOD KANALIZACIJA SNAGA d.o.o.","15 01 01","CERKLJE NA GORENJSKEM",23928,"Paper/Cardboard Packaging","GORENJSKA"
"JAVNO PODJETJE VODOVOD KANALIZACIJA SNAGA d.o.o.","15 01 01","DOBROVA-POLHOV GRADEC",15334,"Paper/Cardboard Packaging","OSREDNJESLOVENSKA"
"JAVNO PODJETJE VODOVOD KANALIZACIJA SNAGA d.o.o.","15 01 01","DOL PRI LJUBLJANI",13034,"Paper/Cardboard Packaging","OSREDNJESLOVENSKA"
"JAVNO PODJETJE VODOVOD KANALIZACIJA SNAGA d.o.o.","15 01 01","HORJUL",7092,"Paper/Cardboard Packaging","OSREDNJESLOVENSKA"
"JAVNO PODJETJE VODOVOD KANALIZACIJA SNAGA d.o.o.","15 01 01","IG",29511,"Paper/Cardboard Packaging","OSREDNJESLOVENSKA"
"JAVNO PODJETJE VODOVOD KANALIZACIJA SNAGA d.o.o.","15 01 01","LJUBLJANA",1825214,"Paper/Cardboard Packaging","OSREDNJESLOVENSKA"
"JAVNO PODJETJE VODOVOD KANALIZACIJA SNAGA d.o.o.","15 01 01","MEDVODE",41668,"Paper/Cardboard Packaging","OSREDNJESLOVENSKA"
"JAVNO PODJETJE VODOVOD KANALIZACIJA SNAGA d.o.o.","15 01 01","ŠKOFLJICA",25268,"Paper/Cardboard Packaging","OSREDNJESLOVENSKA"
"JAVNO PODJETJE VODOVOD KANALIZACIJA SNAGA d.o.o.","15 01 01","VELIKE LAŠČE",9900,"Paper/Cardboard Packaging","OSREDNJESLOVENSKA"
"JAVNO PODJETJE VODOVOD KANALIZACIJA SNAGA d.o.o.","15 01 01","VODICE",10739,"Paper/Cardboard Packaging","OSREDNJESLOVENSKA"
"JAVNO PODJETJE VODOVOD KANALIZACIJA SNAGA d.o.o.","15 01 03","LJUBLJANA",141540,"Wooden packaging","OSREDNJESLOVENSKA"
"JAVNO PODJETJE VODOVOD KANALIZACIJA SNAGA d.o.o.","20 01 38","BREZOVICA",81820,"Wood, not specified in 20 01 37","OSREDNJESLOVENSKA"
"JAVNO PODJETJE VODOVOD KANALIZACIJA SNAGA d.o.o.","20 01 38","CERKLJE NA GORENJSKEM",121080,"Wood, not specified in 20 01 37","GORENJSKA"
"JAVNO PODJETJE VODOVOD KANALIZACIJA SNAGA d.o.o.","20 01 38","IG",62400,"Wood, not specified in 20 01 37","OSREDNJESLOVENSKA"
"JAVNO PODJETJE VODOVOD KANALIZACIJA SNAGA d.o.o.","20 01 38","LJUBLJANA",4343870,"Wood, not specified in 20 01 37","OSREDNJESLOVENSKA"
"JAVNO PODJETJE VODOVOD KANALIZACIJA SNAGA d.o.o.","20 01 38","MEDVODE",153020,"Wood, not specified in 20 01 37","OSREDNJESLOVENSKA"
"JAVNO PODJETJE VODOVOD KANALIZACIJA SNAGA d.o.o.","20 01 38","ŠKOFLJICA",83460,"Wood, not specified in 20 01 37","OSREDNJESLOVENSKA"
"JAVNO PODJETJE VODOVOD KANALIZACIJA SNAGA d.o.o.","20 01 38","VELIKE LAŠČE",48100,"Wood, not specified in 20 01 37","OSREDNJESLOVENSKA"
"JAVNO PODJETJE VODOVOD KANALIZACIJA SNAGA d.o.o.","20 01 38","VODICE",64320,"Wood, not specified in 20 01 37","OSREDNJESLOVENSKA"
"Javno podjetje–Azienda pubblica MARJETICA KOPER, d.o.o.-s.r.l.","15 01 01","ANKARAN",50037,"Paper/Cardboard Packaging","OBALNOKRAŠKA"
"Javno podjetje–Azienda pubblica MARJETICA KOPER, d.o.o.-s.r.l.","15 01 01","KOPER",339795,"Paper/Cardboard Packaging","OBALNOKRAŠKA"
"Javno podjetje–Azienda pubblica MARJETICA KOPER, d.o.o.-s.r.l.","20 01 38","ANKARAN",120209,"Wood, not specified in 20 01 37","OBALNOKRAŠKA"
"Javno podjetje–Azienda pubblica MARJETICA KOPER, d.o.o.-s.r.l.","20 01 38","KOPER",1883271,"Wood, not specified in 20 01 37","OBALNOKRAŠKA"
"JEKO, javno komunalno podjetje, d.o.o., Jesenice","15 01 01","JESENICE",85690,"Paper/Cardboard Packaging","GORENJSKA"
"JEKO, javno komunalno podjetje, d.o.o., Jesenice","15 01 01","ŽIROVNICA",28560,"Paper/Cardboard Packaging","GORENJSKA"
"JEKO, javno komunalno podjetje, d.o.o., Jesenice","15 01 03","JESENICE",20000,"Wooden packaging","GORENJSKA"
"JEKO, javno komunalno podjetje, d.o.o., Jesenice","15 01 03","ŽIROVNICA",3320,"Wooden packaging","GORENJSKA"
"JEKO, javno komunalno podjetje, d.o.o., Jesenice","20 01 38","JESENICE",356000,"Wood, not specified in 20 01 37","GORENJSKA"
"JEKO, javno komunalno podjetje, d.o.o., Jesenice","20 01 38","ŽIROVNICA",118610,"Wood, not specified in 20 01 37","GORENJSKA"
"JKP, JAVNO KOMUNALNO PODJETJE d.o.o. SLOVENSKE KONJICE","15 01 01","SLOVENSKE KONJICE",136160,"Paper/Cardboard Packaging","SAVINJSKA"
"JKP, JAVNO KOMUNALNO PODJETJE d.o.o. SLOVENSKE KONJICE","20 01 38","SLOVENSKE KONJICE",204440,"Wood, not specified in 20 01 37","SAVINJSKA"
"KOMUNALA, javno podjetje, Kranjska Gora, d.o.o.","15 01 01","KRANJSKA GORA",121205,"Paper/Cardboard Packaging","GORENJSKA"
"KOMUNALA, javno podjetje, Kranjska Gora, d.o.o.","15 01 03","KRANJSKA GORA",84190,"Wooden packaging","GORENJSKA"
"KOMUNALA, javno podjetje, Kranjska Gora, d.o.o.","20 01 38","KRANJSKA GORA",9340,"Wood, not specified in 20 01 37","GORENJSKA"
"KOMUNALA Komunalno podjetje Nova Gorica d.d.","15 01 01","BRDA",18348,"Paper/Cardboard Packaging","GORIŠKA"
"KOMUNALA Komunalno podjetje Nova Gorica d.d.","15 01 01","KANAL",6437,"Paper/Cardboard Packaging","GORIŠKA"
"KOMUNALA Komunalno podjetje Nova Gorica d.d.","15 01 01","MIREN-KOSTANJEVICA",15321,"Paper/Cardboard Packaging","GORIŠKA"
"KOMUNALA Komunalno podjetje Nova Gorica d.d.","15 01 01","NOVA GORICA",190490,"Paper/Cardboard Packaging","GORIŠKA"
"KOMUNALA Komunalno podjetje Nova Gorica d.d.","15 01 01","RENČE-VOGRSKO",17905,"Paper/Cardboard Packaging","GORIŠKA"
"KOMUNALA Komunalno podjetje Nova Gorica d.d.","15 01 01","ŠEMPETER-VRTOJBA",107572,"Paper/Cardboard Packaging","GORIŠKA"
"KOMUNALA Komunalno podjetje Nova Gorica d.d.","15 01 03","MIREN-KOSTANJEVICA",160,"Wooden packaging","GORIŠKA"
"KOMUNALA Komunalno podjetje Nova Gorica d.d.","15 01 03","NOVA GORICA",8568,"Wooden packaging","GORIŠKA"
"KOMUNALA Komunalno podjetje Nova Gorica d.d.","15 01 03","RENČE-VOGRSKO",1500,"Wooden packaging","GORIŠKA"
"KOMUNALA Komunalno podjetje Nova Gorica d.d.","15 01 03","ŠEMPETER-VRTOJBA",7100,"Wooden packaging","GORIŠKA"
"KOMUNALA Komunalno podjetje Nova Gorica d.d.","20 01 38","BRDA",244701,"Wood, not specified in 20 01 37","GORIŠKA"
"KOMUNALA Komunalno podjetje Nova Gorica d.d.","20 01 38","KANAL",197073,"Wood, not specified in 20 01 37","GORIŠKA"
"KOMUNALA Komunalno podjetje Nova Gorica d.d.","20 01 38","MIREN-KOSTANJEVICA",198637,"Wood, not specified in 20 01 37","GORIŠKA"
"KOMUNALA Komunalno podjetje Nova Gorica d.d.","20 01 38","NOVA GORICA",528781,"Wood, not specified in 20 01 37","GORIŠKA"
"KOMUNALA Komunalno podjetje Nova Gorica d.d.","20 01 38","RENČE-VOGRSKO",103962,"Wood, not specified in 20 01 37","GORIŠKA"
"KOMUNALA Komunalno podjetje Nova Gorica d.d.","20 01 38","ŠEMPETER-VRTOJBA",162646,"Wood, not specified in 20 01 37","GORIŠKA"
"KOMUNALA KRANJ, javno podjetje, d.o.o.","15 01 01","JEZERSKO",7761,"Paper/Cardboard Packaging","GORENJSKA"
"KOMUNALA KRANJ, javno podjetje, d.o.o.","15 01 01","KRANJ",612699,"Paper/Cardboard Packaging","GORENJSKA"
"KOMUNALA KRANJ, javno podjetje, d.o.o.","15 01 01","NAKLO",18224,"Paper/Cardboard Packaging","GORENJSKA"
"KOMUNALA KRANJ, javno podjetje, d.o.o.","15 01 01","ŠENČUR",44670,"Paper/Cardboard Packaging","GORENJSKA"
"KOMUNALA KRANJ, javno podjetje, d.o.o.","15 01 03","KRANJ",26214,"Wooden packaging","GORENJSKA"
"KOMUNALA KRANJ, javno podjetje, d.o.o.","15 01 03","NAKLO",750,"Wooden packaging","GORENJSKA"
"KOMUNALA KRANJ, javno podjetje, d.o.o.","15 01 03","ŠENČUR",3265,"Wooden packaging","GORENJSKA"
"KOMUNALA KRANJ, javno podjetje, d.o.o.","20 01 38","JEZERSKO",28190,"Wood, not specified in 20 01 37","GORENJSKA"
"KOMUNALA KRANJ, javno podjetje, d.o.o.","20 01 38","KRANJ",997430,"Wood, not specified in 20 01 37","GORENJSKA"
"KOMUNALA KRANJ, javno podjetje, d.o.o.","20 01 38","NAKLO",63520,"Wood, not specified in 20 01 37","GORENJSKA"
"KOMUNALA KRANJ, javno podjetje, d.o.o.","20 01 38","ŠENČUR",144050,"Wood, not specified in 20 01 37","GORENJSKA"
"KOMUNALA METLIKA javno podjetje d.o.o.","15 01 01","METLIKA",145260,"Paper/Cardboard Packaging","JUGOVZHODNA SLOVENIJA"
"KOMUNALA METLIKA javno podjetje d.o.o.","20 01 38","METLIKA",303680,"Wood, not specified in 20 01 37","JUGOVZHODNA SLOVENIJA"
"KOMUNALA NOVO MESTO d.o.o., javno podjetje","15 01 01","DOLENJSKE TOPLICE",44351,"Paper/Cardboard Packaging","JUGOVZHODNA SLOVENIJA"
"KOMUNALA NOVO MESTO d.o.o., javno podjetje","15 01 01","MIRNA PEČ",38303,"Paper/Cardboard Packaging","JUGOVZHODNA SLOVENIJA"
"KOMUNALA NOVO MESTO d.o.o., javno podjetje","15 01 01","NOVO MESTO",317553,"Paper/Cardboard Packaging","JUGOVZHODNA SLOVENIJA"
"KOMUNALA NOVO MESTO d.o.o., javno podjetje","15 01 01","STRAŽA",47160,"Paper/Cardboard Packaging","JUGOVZHODNA SLOVENIJA"
"KOMUNALA NOVO MESTO d.o.o., javno podjetje","15 01 01","ŠENTJERNEJ",98097,"Paper/Cardboard Packaging","JUGOVZHODNA SLOVENIJA"
"KOMUNALA NOVO MESTO d.o.o., javno podjetje","15 01 01","ŠKOCJAN",41387,"Paper/Cardboard Packaging","JUGOVZHODNA SLOVENIJA"
"KOMUNALA NOVO MESTO d.o.o., javno podjetje","15 01 01","ŠMARJEŠKE TOPLICE",43642,"Paper/Cardboard Packaging","JUGOVZHODNA SLOVENIJA"
"KOMUNALA NOVO MESTO d.o.o., javno podjetje","15 01 01","ŽUŽEMBERK",59824,"Paper/Cardboard Packaging","JUGOVZHODNA SLOVENIJA"
"KOMUNALA NOVO MESTO d.o.o., javno podjetje","15 01 03","NOVO MESTO",61580,"Wooden packaging","JUGOVZHODNA SLOVENIJA"
"KOMUNALA NOVO MESTO d.o.o., javno podjetje","20 01 38","DOLENJSKE TOPLICE",68373,"Wood, not specified in 20 01 37","JUGOVZHODNA SLOVENIJA"
"KOMUNALA NOVO MESTO d.o.o., javno podjetje","20 01 38","MIRNA PEČ",58280,"Wood, not specified in 20 01 37","JUGOVZHODNA SLOVENIJA"
"KOMUNALA NOVO MESTO d.o.o., javno podjetje","20 01 38","NOVO MESTO",726241,"Wood, not specified in 20 01 37","JUGOVZHODNA SLOVENIJA"
"KOMUNALA NOVO MESTO d.o.o., javno podjetje","20 01 38","STRAŽA",76662,"Wood, not specified in 20 01 37","JUGOVZHODNA SLOVENIJA"
"KOMUNALA NOVO MESTO d.o.o., javno podjetje","20 01 38","ŠENTJERNEJ",139626,"Wood, not specified in 20 01 37","JUGOVZHODNA SLOVENIJA"
"KOMUNALA NOVO MESTO d.o.o., javno podjetje","20 01 38","ŠKOCJAN",64443,"Wood, not specified in 20 01 37","JUGOVZHODNA SLOVENIJA"
"KOMUNALA NOVO MESTO d.o.o., javno podjetje","20 01 38","ŠMARJEŠKE TOPLICE",66197,"Wood, not specified in 20 01 37","JUGOVZHODNA SLOVENIJA"
"KOMUNALA NOVO MESTO d.o.o., javno podjetje","20 01 38","ŽUŽEMBERK",83638,"Wood, not specified in 20 01 37","JUGOVZHODNA SLOVENIJA"
"KOMUNALA RADGONA, javno podjetje d.o.o.","15 01 01","GORNJA RADGONA",52870,"Paper/Cardboard Packaging","POMURSKA"
"KOMUNALA RADGONA, javno podjetje d.o.o.","20 01 38","GORNJA RADGONA",75380,"Wood, not specified in 20 01 37","POMURSKA"
"KOMUNALA RADOVLJICA, javno podjetje za komunalno dejavnost, d.o.o.","15 01 01","RADOVLJICA",160210,"Paper/Cardboard Packaging","GORENJSKA"
"KOMUNALA RADOVLJICA, javno podjetje za komunalno dejavnost, d.o.o.","20 01 38","RADOVLJICA",569030,"Wood, not specified in 20 01 37","GORENJSKA"
"KOMUNALA SLOVENSKA BISTRICA podjetje za komunalne in druge storitve d.o.o.","15 01 01","MAKOLE",28669,"Paper/Cardboard Packaging","PODRAVSKA"
"KOMUNALA SLOVENSKA BISTRICA podjetje za komunalne in druge storitve d.o.o.","15 01 01","OPLOTNICA",43004,"Paper/Cardboard Packaging","PODRAVSKA"
"KOMUNALA SLOVENSKA BISTRICA podjetje za komunalne in druge storitve d.o.o.","15 01 01","POLJČANE",50171,"Paper/Cardboard Packaging","PODRAVSKA"
"KOMUNALA SLOVENSKA BISTRICA podjetje za komunalne in druge storitve d.o.o.","15 01 01","RAČE-FRAM",57338,"Paper/Cardboard Packaging","PODRAVSKA"
"KOMUNALA SLOVENSKA BISTRICA podjetje za komunalne in druge storitve d.o.o.","15 01 01","SLOVENSKA BISTRICA",179183,"Paper/Cardboard Packaging","PODRAVSKA"
"KOMUNALA SLOVENSKA BISTRICA podjetje za komunalne in druge storitve d.o.o.","20 01 38","MAKOLE",48066,"Wood, not specified in 20 01 37","PODRAVSKA"
"KOMUNALA SLOVENSKA BISTRICA podjetje za komunalne in druge storitve d.o.o.","20 01 38","OPLOTNICA",72098,"Wood, not specified in 20 01 37","PODRAVSKA"
"KOMUNALA SLOVENSKA BISTRICA podjetje za komunalne in druge storitve d.o.o.","20 01 38","POLJČANE",84115,"Wood, not specified in 20 01 37","PODRAVSKA"
"KOMUNALA SLOVENSKA BISTRICA podjetje za komunalne in druge storitve d.o.o.","20 01 38","RAČE-FRAM",96131,"Wood, not specified in 20 01 37","PODRAVSKA"
"KOMUNALA SLOVENSKA BISTRICA podjetje za komunalne in druge storitve d.o.o.","20 01 38","SLOVENSKA BISTRICA",300410,"Wood, not specified in 20 01 37","PODRAVSKA"
"Komunala Tolmin, javno podjetje, d.o.o.","15 01 01","BOVEC",82258,"Paper/Cardboard Packaging","GORIŠKA"
"Komunala Tolmin, javno podjetje, d.o.o.","15 01 01","KOBARID",72767,"Paper/Cardboard Packaging","GORIŠKA"
"Komunala Tolmin, javno podjetje, d.o.o.","15 01 01","TOLMIN",161353,"Paper/Cardboard Packaging","GORIŠKA"
"Komunala Tolmin, javno podjetje, d.o.o.","20 01 38","BOVEC",136037,"Wood, not specified in 20 01 37","GORIŠKA"
"Komunala Tolmin, javno podjetje, d.o.o.","20 01 38","KOBARID",120341,"Wood, not specified in 20 01 37","GORIŠKA"
"Komunala Tolmin, javno podjetje, d.o.o.","20 01 38","TOLMIN",266842,"Wood, not specified in 20 01 37","GORIŠKA"
"KOMUNALA TREBNJE d.o.o.","15 01 01","MIRNA",15440,"Paper/Cardboard Packaging","JUGOVZHODNA SLOVENIJA"
"KOMUNALA TREBNJE d.o.o.","15 01 01","MOKRONOG-TREBELNO",18921,"Paper/Cardboard Packaging","JUGOVZHODNA SLOVENIJA"
"KOMUNALA TREBNJE d.o.o.","15 01 01","ŠENTRUPERT",15680,"Paper/Cardboard Packaging","JUGOVZHODNA SLOVENIJA"
"KOMUNALA TREBNJE d.o.o.","15 01 01","TREBNJE",64079,"Paper/Cardboard Packaging","JUGOVZHODNA SLOVENIJA"
"KOMUNALA TREBNJE d.o.o.","20 01 38","MIRNA",52272,"Wood, not specified in 20 01 37","JUGOVZHODNA SLOVENIJA"
"KOMUNALA TREBNJE d.o.o.","20 01 38","MOKRONOG-TREBELNO",64055,"Wood, not specified in 20 01 37","JUGOVZHODNA SLOVENIJA"
"KOMUNALA TREBNJE d.o.o.","20 01 38","ŠENTRUPERT",53083,"Wood, not specified in 20 01 37","JUGOVZHODNA SLOVENIJA"
"KOMUNALA TREBNJE d.o.o.","20 01 38","TREBNJE",216930,"Wood, not specified in 20 01 37","JUGOVZHODNA SLOVENIJA"
"KOMUNALA TRŽIČ d.o.o.","15 01 01","TRŽIČ",121780,"Paper/Cardboard Packaging","GORENJSKA"
"KOMUNALA TRŽIČ d.o.o.","20 01 38","TRŽIČ",225900,"Wood, not specified in 20 01 37","GORENJSKA"
"KOMUNALNO PODJETJE ORMOŽ d.o.o.","15 01 01","ORMOŽ",89231,"Paper/Cardboard Packaging","PODRAVSKA"
"KOMUNALNO PODJETJE ORMOŽ d.o.o.","15 01 01","SREDIŠČE OB DRAVI",17846,"Paper/Cardboard Packaging","PODRAVSKA"
"KOMUNALNO PODJETJE ORMOŽ d.o.o.","15 01 01","SVETI TOMAŽ",11897,"Paper/Cardboard Packaging","PODRAVSKA"
"KOMUNALNO PODJETJE ORMOŽ d.o.o.","20 01 38","ORMOŽ",3700,"Wood, not specified in 20 01 37","PODRAVSKA"
"KOMUNALNO PODJETJE ORMOŽ d.o.o.","20 01 38","SREDIŠČE OB DRAVI",2460,"Wood, not specified in 20 01 37","PODRAVSKA"
"KOMUNALNO PODJETJE PTUJ D.D.","15 01 01","GORIŠNICA",27012,"Paper/Cardboard Packaging","PODRAVSKA"
"KOMUNALNO PODJETJE PTUJ D.D.","15 01 01","HAJDINA",32280,"Paper/Cardboard Packaging","PODRAVSKA"
"KOMUNALNO PODJETJE PTUJ D.D.","15 01 01","JURŠINCI",17196,"Paper/Cardboard Packaging","PODRAVSKA"
"KOMUNALNO PODJETJE PTUJ D.D.","15 01 01","MARKOVCI",25637,"Paper/Cardboard Packaging","PODRAVSKA"
"KOMUNALNO PODJETJE PTUJ D.D.","20 01 38","GORIŠNICA",65458,"Wood, not specified in 20 01 37","PODRAVSKA"
"KOMUNALNO PODJETJE PTUJ D.D.","20 01 38","HAJDINA",56015,"Wood, not specified in 20 01 37","PODRAVSKA"
"KOMUNALNO PODJETJE PTUJ D.D.","20 01 38","JURŠINCI",28265,"Wood, not specified in 20 01 37","PODRAVSKA"
"KOMUNALNO PODJETJE PTUJ D.D.","20 01 38","MARKOVCI",69502,"Wood, not specified in 20 01 37","PODRAVSKA"
"KOMUNALNO STANOVANJSKA DRUŽBA d.o.o. Ajdovščina","15 01 01","AJDOVŠČINA",181957,"Paper/Cardboard Packaging","GORIŠKA"
"KOMUNALNO STANOVANJSKA DRUŽBA d.o.o. Ajdovščina","15 01 01","VIPAVA",59348,"Paper/Cardboard Packaging","GORIŠKA"
"KOMUNALNO STANOVANJSKA DRUŽBA d.o.o. Ajdovščina","20 01 38","AJDOVŠČINA",101327,"Wood, not specified in 20 01 37","GORIŠKA"
"KOMUNALNO STANOVANJSKA DRUŽBA d.o.o. Ajdovščina","20 01 38","VIPAVA",22743,"Wood, not specified in 20 01 37","GORIŠKA"
"KOMUNALNO STANOVANJSKO PODJETJE d.d.","15 01 01","DIVAČA",33496,"Paper/Cardboard Packaging","OBALNOKRAŠKA"
"KOMUNALNO STANOVANJSKO PODJETJE d.d.","15 01 01","HRPELJE-KOZINA",52515,"Paper/Cardboard Packaging","OBALNOKRAŠKA"
"KOMUNALNO STANOVANJSKO PODJETJE d.d.","15 01 01","KOMEN",25172,"Paper/Cardboard Packaging","OBALNOKRAŠKA"
"KOMUNALNO STANOVANJSKO PODJETJE d.d.","15 01 01","SEŽANA",146809,"Paper/Cardboard Packaging","OBALNOKRAŠKA"
"KOMUNALNO STANOVANJSKO PODJETJE d.d.","20 01 38","DIVAČA",38015,"Wood, not specified in 20 01 37","OBALNOKRAŠKA"
"KOMUNALNO STANOVANJSKO PODJETJE d.d.","20 01 38","HRPELJE-KOZINA",59600,"Wood, not specified in 20 01 37","OBALNOKRAŠKA"
"KOMUNALNO STANOVANJSKO PODJETJE d.d.","20 01 38","KOMEN",28567,"Wood, not specified in 20 01 37","OBALNOKRAŠKA"
"KOMUNALNO STANOVANJSKO PODJETJE d.d.","20 01 38","SEŽANA",150898,"Wood, not specified in 20 01 37","OBALNOKRAŠKA"
"KOMUNALNO-STANOVANJSKO PODJETJE LJUTOMER d.o.o.","15 01 01","APAČE",77060,"Paper/Cardboard Packaging","POMURSKA"
"KOMUNALNO-STANOVANJSKO PODJETJE LJUTOMER d.o.o.","15 01 01","KRIŽEVCI",10260,"Paper/Cardboard Packaging","POMURSKA"
"KOMUNALNO-STANOVANJSKO PODJETJE LJUTOMER d.o.o.","15 01 01","LJUTOMER",34120,"Paper/Cardboard Packaging","POMURSKA"
"KOMUNALNO-STANOVANJSKO PODJETJE LJUTOMER d.o.o.","15 01 01","RAZKRIŽJE",4810,"Paper/Cardboard Packaging","POMURSKA"
"KOMUNALNO-STANOVANJSKO PODJETJE LJUTOMER d.o.o.","15 01 01","VERŽEJ",5150,"Paper/Cardboard Packaging","POMURSKA"
"KOMUNALNO-STANOVANJSKO PODJETJE LJUTOMER d.o.o.","20 01 38","APAČE",160,"Wood, not specified in 20 01 37","POMURSKA"
"KOMUNALNO-STANOVANJSKO PODJETJE LJUTOMER d.o.o.","20 01 38","KRIŽEVCI",14160,"Wood, not specified in 20 01 37","POMURSKA"
"KOMUNALNO-STANOVANJSKO PODJETJE LJUTOMER d.o.o.","20 01 38","LJUTOMER",80260,"Wood, not specified in 20 01 37","POMURSKA"
"KOMUNALNO-STANOVANJSKO PODJETJE LJUTOMER d.o.o.","20 01 38","RAZKRIŽJE",6130,"Wood, not specified in 20 01 37","POMURSKA"
"KOMUNALNO-STANOVANJSKO PODJETJE LJUTOMER d.o.o.","20 01 38","VERŽEJ",7180,"Wood, not specified in 20 01 37","POMURSKA"
"Kostak, komunalno in gradbeno podjetje, d.d.","15 01 01","KOSTANJEVICA NA KRKI",39060,"Paper/Cardboard Packaging","POSAVSKA"
"Kostak, komunalno in gradbeno podjetje, d.d.","15 01 01","KRŠKO",571040,"Paper/Cardboard Packaging","POSAVSKA"
"Kostak, komunalno in gradbeno podjetje, d.d.","20 01 38","KRŠKO",906103,"Wood, not specified in 20 01 37","POSAVSKA"
"KSP HRASTNIK Komunalno - stanovanjsko podjetje, d.d.","15 01 01","HRASTNIK",71890,"Paper/Cardboard Packaging","ZASAVSKA"
"LOŠKA KOMUNALA, oskrba z vodo in plinom, d.d., Škofja Loka","15 01 01","ŠKOFJA LOKA",306136,"Paper/Cardboard Packaging","GORENJSKA"
"LOŠKA KOMUNALA, oskrba z vodo in plinom, d.d., Škofja Loka","15 01 01","ŽELEZNIKI",53284,"Paper/Cardboard Packaging","GORENJSKA"
"LOŠKA KOMUNALA, oskrba z vodo in plinom, d.d., Škofja Loka","15 01 03","ŠKOFJA LOKA",281910,"Wooden packaging","GORENJSKA"
"NATURA VePo družba za komunalne storitve d.o.o.","20 01 38","VELIKA POLANA",4280,"Wood, not specified in 20 01 37","POMURSKA"
"OBČINA BLOKE","15 01 01","BLOKE",8423,"Paper/Cardboard Packaging","PRIMORSKONOTRANJSKA"
"OBČINA BOHINJ","15 01 01","BOHINJ",50000,"Paper/Cardboard Packaging","GORENJSKA"
"OBČINA GORENJA VAS-POLJANE","15 01 01","GORENJA VAS-POLJANE",32814,"Paper/Cardboard Packaging","GORENJSKA"
"OBČINA GORENJA VAS-POLJANE","20 01 38","GORENJA VAS-POLJANE",78580,"Wood, not specified in 20 01 37","GORENJSKA"
"OBČINA ŽIRI","15 01 01","ŽIRI",29394,"Paper/Cardboard Packaging","GORENJSKA"
"OBČINA ŽIRI","20 01 38","ŽIRI",101660,"Wood, not specified in 20 01 37","GORENJSKA"
"OKP JAVNO PODJETJE ZA KOMUNALNE STORITVE Rogaška Slatina, d.o.o.","15 01 01","BISTRICA OB SOTLI",6046,"Paper/Cardboard Packaging","POSAVSKA"
"OKP JAVNO PODJETJE ZA KOMUNALNE STORITVE Rogaška Slatina, d.o.o.","15 01 01","KOZJE",14772,"Paper/Cardboard Packaging","SAVINJSKA"
"OKP JAVNO PODJETJE ZA KOMUNALNE STORITVE Rogaška Slatina, d.o.o.","15 01 01","PODČETRTEK",15883,"Paper/Cardboard Packaging","SAVINJSKA"
"OKP JAVNO PODJETJE ZA KOMUNALNE STORITVE Rogaška Slatina, d.o.o.","15 01 01","ROGAŠKA SLATINA",52601,"Paper/Cardboard Packaging","SAVINJSKA"
"OKP JAVNO PODJETJE ZA KOMUNALNE STORITVE Rogaška Slatina, d.o.o.","15 01 01","ROGATEC",10981,"Paper/Cardboard Packaging","SAVINJSKA"
"OKP JAVNO PODJETJE ZA KOMUNALNE STORITVE Rogaška Slatina, d.o.o.","15 01 01","ŠMARJE PRI JELŠAH",63125,"Paper/Cardboard Packaging","SAVINJSKA"
"OKP JAVNO PODJETJE ZA KOMUNALNE STORITVE Rogaška Slatina, d.o.o.","15 01 03","BISTRICA OB SOTLI",5,"Wooden packaging","POSAVSKA"
"OKP JAVNO PODJETJE ZA KOMUNALNE STORITVE Rogaška Slatina, d.o.o.","15 01 03","KOZJE",13,"Wooden packaging","SAVINJSKA"
"OKP JAVNO PODJETJE ZA KOMUNALNE STORITVE Rogaška Slatina, d.o.o.","15 01 03","PODČETRTEK",14,"Wooden packaging","SAVINJSKA"
"OKP JAVNO PODJETJE ZA KOMUNALNE STORITVE Rogaška Slatina, d.o.o.","15 01 03","ROGAŠKA SLATINA",45,"Wooden packaging","SAVINJSKA"
"OKP JAVNO PODJETJE ZA KOMUNALNE STORITVE Rogaška Slatina, d.o.o.","15 01 03","ROGATEC",9,"Wooden packaging","SAVINJSKA"
"OKP JAVNO PODJETJE ZA KOMUNALNE STORITVE Rogaška Slatina, d.o.o.","15 01 03","ŠMARJE PRI JELŠAH",54,"Wooden packaging","SAVINJSKA"
"OKP JAVNO PODJETJE ZA KOMUNALNE STORITVE Rogaška Slatina, d.o.o.","20 01 38","BISTRICA OB SOTLI",2266,"Wood, not specified in 20 01 37","POSAVSKA"
"OKP JAVNO PODJETJE ZA KOMUNALNE STORITVE Rogaška Slatina, d.o.o.","20 01 38","KOZJE",5535,"Wood, not specified in 20 01 37","SAVINJSKA"
"OKP JAVNO PODJETJE ZA KOMUNALNE STORITVE Rogaška Slatina, d.o.o.","20 01 38","PODČETRTEK",5952,"Wood, not specified in 20 01 37","SAVINJSKA"
"OKP JAVNO PODJETJE ZA KOMUNALNE STORITVE Rogaška Slatina, d.o.o.","20 01 38","ROGAŠKA SLATINA",19710,"Wood, not specified in 20 01 37","SAVINJSKA"
"OKP JAVNO PODJETJE ZA KOMUNALNE STORITVE Rogaška Slatina, d.o.o.","20 01 38","ROGATEC",4115,"Wood, not specified in 20 01 37","SAVINJSKA"
"OKP JAVNO PODJETJE ZA KOMUNALNE STORITVE Rogaška Slatina, d.o.o.","20 01 38","ŠMARJE PRI JELŠAH",23652,"Wood, not specified in 20 01 37","SAVINJSKA"
"PUBLIKUS gospodarjenje z odpadki d.o.o.","15 01 01","KAMNIK",209500,"Paper/Cardboard Packaging","OSREDNJESLOVENSKA"
"PUBLIKUS gospodarjenje z odpadki d.o.o.","15 01 01","KOMENDA",82920,"Paper/Cardboard Packaging","OSREDNJESLOVENSKA"
"PUBLIKUS gospodarjenje z odpadki d.o.o.","15 01 01","PIVKA",184640,"Paper/Cardboard Packaging","PRIMORSKONOTRANJSKA"
"PUBLIKUS gospodarjenje z odpadki d.o.o.","15 01 01","POSTOJNA",288240,"Paper/Cardboard Packaging","PRIMORSKONOTRANJSKA"
"PUBLIKUS gospodarjenje z odpadki d.o.o.","15 01 03","KOMENDA",73960,"Wooden packaging","OSREDNJESLOVENSKA"
"PUBLIKUS gospodarjenje z odpadki d.o.o.","15 01 03","PIVKA",4060,"Wooden packaging","PRIMORSKONOTRANJSKA"
"PUBLIKUS gospodarjenje z odpadki d.o.o.","15 01 03","POSTOJNA",2570,"Wooden packaging","PRIMORSKONOTRANJSKA"
"PUBLIKUS gospodarjenje z odpadki d.o.o.","20 01 38","KAMNIK",101480,"Wood, not specified in 20 01 37","OSREDNJESLOVENSKA"
"PUBLIKUS gospodarjenje z odpadki d.o.o.","20 01 38","KOMENDA",27820,"Wood, not specified in 20 01 37","OSREDNJESLOVENSKA"
"PUBLIKUS gospodarjenje z odpadki d.o.o.","20 01 38","PIVKA",109300,"Wood, not specified in 20 01 37","PRIMORSKONOTRANJSKA"
"PUBLIKUS gospodarjenje z odpadki d.o.o.","20 01 38","POSTOJNA",168160,"Wood, not specified in 20 01 37","PRIMORSKONOTRANJSKA"
"PUP - SAUBERMACHER, podjetje za ravnanje z odpadki d.o.o.","15 01 01","GORNJI GRAD",7986,"Paper/Cardboard Packaging","SAVINJSKA"
"PUP - SAUBERMACHER, podjetje za ravnanje z odpadki d.o.o.","15 01 01","LJUBNO",3256,"Paper/Cardboard Packaging","SAVINJSKA"
"PUP - SAUBERMACHER, podjetje za ravnanje z odpadki d.o.o.","15 01 01","LUČE",1850,"Paper/Cardboard Packaging","SAVINJSKA"
"PUP - SAUBERMACHER, podjetje za ravnanje z odpadki d.o.o.","15 01 01","NAZARJE",9087,"Paper/Cardboard Packaging","SAVINJSKA"
"PUP - SAUBERMACHER, podjetje za ravnanje z odpadki d.o.o.","15 01 01","SOLČAVA",927,"Paper/Cardboard Packaging","SAVINJSKA"
"PUP - SAUBERMACHER, podjetje za ravnanje z odpadki d.o.o.","15 01 01","ŠMARTNO OB PAKI",21960,"Paper/Cardboard Packaging","SAVINJSKA"
"PUP - SAUBERMACHER, podjetje za ravnanje z odpadki d.o.o.","15 01 01","ŠOŠTANJ",46937,"Paper/Cardboard Packaging","SAVINJSKA"
"PUP - SAUBERMACHER, podjetje za ravnanje z odpadki d.o.o.","15 01 01","VELENJE",214497,"Paper/Cardboard Packaging","SAVINJSKA"
"PUP - SAUBERMACHER, podjetje za ravnanje z odpadki d.o.o.","20 01 38","GORNJI GRAD",34913,"Wood, not specified in 20 01 37","SAVINJSKA"
"PUP - SAUBERMACHER, podjetje za ravnanje z odpadki d.o.o.","20 01 38","LJUBNO",17130,"Wood, not specified in 20 01 37","SAVINJSKA"
"PUP - SAUBERMACHER, podjetje za ravnanje z odpadki d.o.o.","20 01 38","LUČE",8841,"Wood, not specified in 20 01 37","SAVINJSKA"
"PUP - SAUBERMACHER, podjetje za ravnanje z odpadki d.o.o.","20 01 38","NAZARJE",28066,"Wood, not specified in 20 01 37","SAVINJSKA"
"PUP - SAUBERMACHER, podjetje za ravnanje z odpadki d.o.o.","20 01 38","SOLČAVA",4060,"Wood, not specified in 20 01 37","SAVINJSKA"
"PUP - SAUBERMACHER, podjetje za ravnanje z odpadki d.o.o.","20 01 38","ŠMARTNO OB PAKI",68142,"Wood, not specified in 20 01 37","SAVINJSKA"
"PUP - SAUBERMACHER, podjetje za ravnanje z odpadki d.o.o.","20 01 38","ŠOŠTANJ",174829,"Wood, not specified in 20 01 37","SAVINJSKA"
"PUP - SAUBERMACHER, podjetje za ravnanje z odpadki d.o.o.","20 01 38","VELENJE",886841,"Wood, not specified in 20 01 37","SAVINJSKA"
"SAUBERMACHER - KOMUNALA - podjetje za odstranjevanje odpadkov Murska Sobota d.o.o.","15 01 01","BELTINCI",6965,"Paper/Cardboard Packaging","POMURSKA"
"SAUBERMACHER - KOMUNALA - podjetje za odstranjevanje odpadkov Murska Sobota d.o.o.","15 01 01","CANKOVA",635,"Paper/Cardboard Packaging","POMURSKA"
"SAUBERMACHER - KOMUNALA - podjetje za odstranjevanje odpadkov Murska Sobota d.o.o.","15 01 01","ČRENŠOVCI",4571,"Paper/Cardboard Packaging","POMURSKA"
"SAUBERMACHER - KOMUNALA - podjetje za odstranjevanje odpadkov Murska Sobota d.o.o.","15 01 01","ČRENŠOVCI",144,"Paper/Cardboard Packaging","POMURSKA"
"SAUBERMACHER - KOMUNALA - podjetje za odstranjevanje odpadkov Murska Sobota d.o.o.","15 01 01","DOBROVNIK",996,"Paper/Cardboard Packaging","POMURSKA"
"SAUBERMACHER - KOMUNALA - podjetje za odstranjevanje odpadkov Murska Sobota d.o.o.","15 01 01","GORNJI PETROVCI",2720,"Paper/Cardboard Packaging","POMURSKA"
"SAUBERMACHER - KOMUNALA - podjetje za odstranjevanje odpadkov Murska Sobota d.o.o.","15 01 01","GRAD",440,"Paper/Cardboard Packaging","POMURSKA"
"SAUBERMACHER - KOMUNALA - podjetje za odstranjevanje odpadkov Murska Sobota d.o.o.","15 01 01","HODOŠ",777,"Paper/Cardboard Packaging","POMURSKA"
"SAUBERMACHER - KOMUNALA - podjetje za odstranjevanje odpadkov Murska Sobota d.o.o.","15 01 01","KOBILJE",293,"Paper/Cardboard Packaging","POMURSKA"
"SAUBERMACHER - KOMUNALA - podjetje za odstranjevanje odpadkov Murska Sobota d.o.o.","15 01 01","KUZMA",4380,"Paper/Cardboard Packaging","POMURSKA"
"SAUBERMACHER - KOMUNALA - podjetje za odstranjevanje odpadkov Murska Sobota d.o.o.","15 01 01","LENDAVA",2560,"Paper/Cardboard Packaging","POMURSKA"
"SAUBERMACHER - KOMUNALA - podjetje za odstranjevanje odpadkov Murska Sobota d.o.o.","15 01 01","LJUTOMER",900,"Paper/Cardboard Packaging","POMURSKA"
"SAUBERMACHER - KOMUNALA - podjetje za odstranjevanje odpadkov Murska Sobota d.o.o.","15 01 01","MORAVSKE TOPLICE",8765,"Paper/Cardboard Packaging","POMURSKA"
"SAUBERMACHER - KOMUNALA - podjetje za odstranjevanje odpadkov Murska Sobota d.o.o.","15 01 01","MURSKA SOBOTA",440,"Paper/Cardboard Packaging","POMURSKA"
"SAUBERMACHER - KOMUNALA - podjetje za odstranjevanje odpadkov Murska Sobota d.o.o.","15 01 01","MURSKA SOBOTA",232490,"Paper/Cardboard Packaging","POMURSKA"
"SAUBERMACHER - KOMUNALA - podjetje za odstranjevanje odpadkov Murska Sobota d.o.o.","15 01 01","NOVA GORICA",180,"Paper/Cardboard Packaging","GORIŠKA"
"SAUBERMACHER - KOMUNALA - podjetje za odstranjevanje odpadkov Murska Sobota d.o.o.","15 01 01","ODRANCI",6683,"Paper/Cardboard Packaging","POMURSKA"
"SAUBERMACHER - KOMUNALA - podjetje za odstranjevanje odpadkov Murska Sobota d.o.o.","15 01 01","PUCONCI",4645,"Paper/Cardboard Packaging","POMURSKA"
"SAUBERMACHER - KOMUNALA - podjetje za odstranjevanje odpadkov Murska Sobota d.o.o.","15 01 01","ROGAŠOVCI",3560,"Paper/Cardboard Packaging","POMURSKA"
"SAUBERMACHER - KOMUNALA - podjetje za odstranjevanje odpadkov Murska Sobota d.o.o.","15 01 01","ŠALOVCI",1684,"Paper/Cardboard Packaging","POMURSKA"
"SAUBERMACHER - KOMUNALA - podjetje za odstranjevanje odpadkov Murska Sobota d.o.o.","15 01 01","TIŠINA",520,"Paper/Cardboard Packaging","POMURSKA"
"SAUBERMACHER - KOMUNALA - podjetje za odstranjevanje odpadkov Murska Sobota d.o.o.","15 01 01","TURNIŠČE",4456,"Paper/Cardboard Packaging","POMURSKA"
"SAUBERMACHER - KOMUNALA - podjetje za odstranjevanje odpadkov Murska Sobota d.o.o.","20 01 38","BELTINCI",98580,"Wood, not specified in 20 01 37","POMURSKA"
"SAUBERMACHER - KOMUNALA - podjetje za odstranjevanje odpadkov Murska Sobota d.o.o.","20 01 38","CANKOVA",17356,"Wood, not specified in 20 01 37","POMURSKA"
"SAUBERMACHER - KOMUNALA - podjetje za odstranjevanje odpadkov Murska Sobota d.o.o.","20 01 38","ČRENŠOVCI",39220,"Wood, not specified in 20 01 37","POMURSKA"
"SAUBERMACHER - KOMUNALA - podjetje za odstranjevanje odpadkov Murska Sobota d.o.o.","20 01 38","DOBROVNIK",18980,"Wood, not specified in 20 01 37","POMURSKA"
"SAUBERMACHER - KOMUNALA - podjetje za odstranjevanje odpadkov Murska Sobota d.o.o.","20 01 38","GORNJI PETROVCI",3723,"Wood, not specified in 20 01 37","POMURSKA"
"SAUBERMACHER - KOMUNALA - podjetje za odstranjevanje odpadkov Murska Sobota d.o.o.","20 01 38","GRAD",17780,"Wood, not specified in 20 01 37","POMURSKA"
"SAUBERMACHER - KOMUNALA - podjetje za odstranjevanje odpadkov Murska Sobota d.o.o.","20 01 38","HODOŠ",2044,"Wood, not specified in 20 01 37","POMURSKA"
"SAUBERMACHER - KOMUNALA - podjetje za odstranjevanje odpadkov Murska Sobota d.o.o.","20 01 38","KOBILJE",5400,"Wood, not specified in 20 01 37","POMURSKA"
"SAUBERMACHER - KOMUNALA - podjetje za odstranjevanje odpadkov Murska Sobota d.o.o.","20 01 38","KUZMA",1004,"Wood, not specified in 20 01 37","POMURSKA"
"SAUBERMACHER - KOMUNALA - podjetje za odstranjevanje odpadkov Murska Sobota d.o.o.","20 01 38","MORAVSKE TOPLICE",16500,"Wood, not specified in 20 01 37","POMURSKA"
"SAUBERMACHER - KOMUNALA - podjetje za odstranjevanje odpadkov Murska Sobota d.o.o.","20 01 38","MURSKA SOBOTA",257580,"Wood, not specified in 20 01 37","POMURSKA"
"SAUBERMACHER - KOMUNALA - podjetje za odstranjevanje odpadkov Murska Sobota d.o.o.","20 01 38","ODRANCI",17900,"Wood, not specified in 20 01 37","POMURSKA"
"SAUBERMACHER - KOMUNALA - podjetje za odstranjevanje odpadkov Murska Sobota d.o.o.","20 01 38","ROGAŠOVCI",12260,"Wood, not specified in 20 01 37","POMURSKA"
"SAUBERMACHER - KOMUNALA - podjetje za odstranjevanje odpadkov Murska Sobota d.o.o.","20 01 38","ŠALOVCI",8953,"Wood, not specified in 20 01 37","POMURSKA"
"SAUBERMACHER - KOMUNALA - podjetje za odstranjevanje odpadkov Murska Sobota d.o.o.","20 01 38","TIŠINA",32400,"Wood, not specified in 20 01 37","POMURSKA"
"SAUBERMACHER - KOMUNALA - podjetje za odstranjevanje odpadkov Murska Sobota d.o.o.","20 01 38","TURNIŠČE",23780,"Wood, not specified in 20 01 37","POMURSKA"
"SAUBERMACHER SLOVENIJA storitve pri varstvu okolja, trgovina in transport d.o.o.","15 01 01","KOPER",61987,"Paper/Cardboard Packaging","OBALNOKRAŠKA"
"SAUBERMACHER SLOVENIJA storitve pri varstvu okolja, trgovina in transport d.o.o.","15 01 01","KRANJ",22125,"Paper/Cardboard Packaging","GORENJSKA"
"SAUBERMACHER SLOVENIJA storitve pri varstvu okolja, trgovina in transport d.o.o.","15 01 01","LJUBLJANA",452939,"Paper/Cardboard Packaging","OSREDNJESLOVENSKA"
"SAUBERMACHER SLOVENIJA storitve pri varstvu okolja, trgovina in transport d.o.o.","15 01 01","SEŽANA",8000,"Paper/Cardboard Packaging","OBALNOKRAŠKA"
"SAUBERMACHER SLOVENIJA storitve pri varstvu okolja, trgovina in transport d.o.o.","15 01 03","CELJE",38060,"Wooden packaging","SAVINJSKA"
"SAUBERMACHER SLOVENIJA storitve pri varstvu okolja, trgovina in transport d.o.o.","15 01 03","GORNJA RADGONA",2860,"Wooden packaging","POMURSKA"
"SAUBERMACHER SLOVENIJA storitve pri varstvu okolja, trgovina in transport d.o.o.","15 01 03","HOČE-SLIVNICA",18814,"Wooden packaging","PODRAVSKA"
"SAUBERMACHER SLOVENIJA storitve pri varstvu okolja, trgovina in transport d.o.o.","15 01 03","IDRIJA",103500,"Wooden packaging","GORIŠKA"
"SAUBERMACHER SLOVENIJA storitve pri varstvu okolja, trgovina in transport d.o.o.","15 01 03","LENART",16320,"Wooden packaging","PODRAVSKA"
"SAUBERMACHER SLOVENIJA storitve pri varstvu okolja, trgovina in transport d.o.o.","15 01 03","LJUBLJANA",460226,"Wooden packaging","OSREDNJESLOVENSKA"
"SAUBERMACHER SLOVENIJA storitve pri varstvu okolja, trgovina in transport d.o.o.","15 01 03","MARIBOR",2220,"Wooden packaging","PODRAVSKA"
"SAUBERMACHER SLOVENIJA storitve pri varstvu okolja, trgovina in transport d.o.o.","15 01 03","PTUJ",2760,"Wooden packaging","PODRAVSKA"
"SAUBERMACHER SLOVENIJA storitve pri varstvu okolja, trgovina in transport d.o.o.","15 01 03","RADENCI",44880,"Wooden packaging","POMURSKA"
"SAUBERMACHER SLOVENIJA storitve pri varstvu okolja, trgovina in transport d.o.o.","15 01 03","RUŠE",80,"Wooden packaging","PODRAVSKA"
"SAUBERMACHER SLOVENIJA storitve pri varstvu okolja, trgovina in transport d.o.o.","15 01 03","ŠENTILJ",44660,"Wooden packaging","PODRAVSKA"
"SAUBERMACHER SLOVENIJA storitve pri varstvu okolja, trgovina in transport d.o.o.","15 01 03","VELENJE",125100,"Wooden packaging","SAVINJSKA"
"SAUBERMACHER SLOVENIJA storitve pri varstvu okolja, trgovina in transport d.o.o.","15 01 03","VRHNIKA",720,"Wooden packaging","OSREDNJESLOVENSKA"
"SAUBERMACHER SLOVENIJA storitve pri varstvu okolja, trgovina in transport d.o.o.","20 01 38","BENEDIKT",3817,"Wood, not specified in 20 01 37","PODRAVSKA"
"SAUBERMACHER SLOVENIJA storitve pri varstvu okolja, trgovina in transport d.o.o.","20 01 38","CERKVENJAK",40,"Wood, not specified in 20 01 37","PODRAVSKA"
"SAUBERMACHER SLOVENIJA storitve pri varstvu okolja, trgovina in transport d.o.o.","20 01 38","HOČE-SLIVNICA",13886,"Wood, not specified in 20 01 37","PODRAVSKA"
"SAUBERMACHER SLOVENIJA storitve pri varstvu okolja, trgovina in transport d.o.o.","20 01 38","LENART",132396,"Wood, not specified in 20 01 37","PODRAVSKA"
"SAUBERMACHER SLOVENIJA storitve pri varstvu okolja, trgovina in transport d.o.o.","20 01 38","LJUBLJANA",8460,"Wood, not specified in 20 01 37","OSREDNJESLOVENSKA"
"SAUBERMACHER SLOVENIJA storitve pri varstvu okolja, trgovina in transport d.o.o.","20 01 38","LOGATEC",46500,"Wood, not specified in 20 01 37","OSREDNJESLOVENSKA"
"SAUBERMACHER SLOVENIJA storitve pri varstvu okolja, trgovina in transport d.o.o.","20 01 38","MARIBOR",460,"Wood, not specified in 20 01 37","PODRAVSKA"
"SAUBERMACHER SLOVENIJA storitve pri varstvu okolja, trgovina in transport d.o.o.","20 01 38","PTUJ",35655,"Wood, not specified in 20 01 37","PODRAVSKA"
"SAUBERMACHER SLOVENIJA storitve pri varstvu okolja, trgovina in transport d.o.o.","20 01 38","RADENCI",167411,"Wood, not specified in 20 01 37","POMURSKA"
"SAUBERMACHER SLOVENIJA storitve pri varstvu okolja, trgovina in transport d.o.o.","20 01 38","SV. TROJICA V SLOV. GORICAH",949,"Wood, not specified in 20 01 37","PODRAVSKA"
"SAUBERMACHER SLOVENIJA storitve pri varstvu okolja, trgovina in transport d.o.o.","20 01 38","SVETI JURIJ OB ŠČAVNICI",1207,"Wood, not specified in 20 01 37","POMURSKA"
"SAUBERMACHER SLOVENIJA storitve pri varstvu okolja, trgovina in transport d.o.o.","20 01 38","ŠENTILJ",208383,"Wood, not specified in 20 01 37","PODRAVSKA"
"SAUBERMACHER SLOVENIJA storitve pri varstvu okolja, trgovina in transport d.o.o.","20 01 38","ZREČE",145584,"Wood, not specified in 20 01 37","SAVINJSKA"
"SIMBIO, družba za ravnanje z odpadki d.o.o.","15 01 01","BRASLOVČE",23927,"Paper/Cardboard Packaging","SAVINJSKA"
"SIMBIO, družba za ravnanje z odpadki d.o.o.","15 01 01","CELJE",282017,"Paper/Cardboard Packaging","SAVINJSKA"
"SIMBIO, družba za ravnanje z odpadki d.o.o.","15 01 01","DOBJE",6777,"Paper/Cardboard Packaging","SAVINJSKA"
"SIMBIO, družba za ravnanje z odpadki d.o.o.","15 01 01","DOBRNA",8770,"Paper/Cardboard Packaging","SAVINJSKA"
"SIMBIO, družba za ravnanje z odpadki d.o.o.","15 01 01","POLZELA",12515,"Paper/Cardboard Packaging","SAVINJSKA"
"SIMBIO, družba za ravnanje z odpadki d.o.o.","15 01 01","PREBOLD",33316,"Paper/Cardboard Packaging","SAVINJSKA"
"SIMBIO, družba za ravnanje z odpadki d.o.o.","15 01 01","ŠENTJUR",82139,"Paper/Cardboard Packaging","SAVINJSKA"
"SIMBIO, družba za ravnanje z odpadki d.o.o.","15 01 01","ŠTORE",12252,"Paper/Cardboard Packaging","SAVINJSKA"
"SIMBIO, družba za ravnanje z odpadki d.o.o.","15 01 01","TABOR",4246,"Paper/Cardboard Packaging","SAVINJSKA"
"SIMBIO, družba za ravnanje z odpadki d.o.o.","15 01 01","VOJNIK",40336,"Paper/Cardboard Packaging","SAVINJSKA"
"SIMBIO, družba za ravnanje z odpadki d.o.o.","15 01 01","VRANSKO",12910,"Paper/Cardboard Packaging","SAVINJSKA"
"SIMBIO, družba za ravnanje z odpadki d.o.o.","15 01 01","ŽALEC",107704,"Paper/Cardboard Packaging","SAVINJSKA"
"SIMBIO, družba za ravnanje z odpadki d.o.o.","20 01 38","BRASLOVČE",46801,"Wood, not specified in 20 01 37","SAVINJSKA"
"SIMBIO, družba za ravnanje z odpadki d.o.o.","20 01 38","CELJE",306455,"Wood, not specified in 20 01 37","SAVINJSKA"
"SIMBIO, družba za ravnanje z odpadki d.o.o.","20 01 38","DOBJE",5526,"Wood, not specified in 20 01 37","SAVINJSKA"
"SIMBIO, družba za ravnanje z odpadki d.o.o.","20 01 38","DOBRNA",21386,"Wood, not specified in 20 01 37","SAVINJSKA"
"SIMBIO, družba za ravnanje z odpadki d.o.o.","20 01 38","POLZELA",25341,"Wood, not specified in 20 01 37","SAVINJSKA"
"SIMBIO, družba za ravnanje z odpadki d.o.o.","20 01 38","PREBOLD",56464,"Wood, not specified in 20 01 37","SAVINJSKA"
"SIMBIO, družba za ravnanje z odpadki d.o.o.","20 01 38","ŠENTJUR",109861,"Wood, not specified in 20 01 37","SAVINJSKA"
"SIMBIO, družba za ravnanje z odpadki d.o.o.","20 01 38","ŠTORE",27338,"Wood, not specified in 20 01 37","SAVINJSKA"
"SIMBIO, družba za ravnanje z odpadki d.o.o.","20 01 38","TABOR",14064,"Wood, not specified in 20 01 37","SAVINJSKA"
"SIMBIO, družba za ravnanje z odpadki d.o.o.","20 01 38","VOJNIK",84456,"Wood, not specified in 20 01 37","SAVINJSKA"
"SIMBIO, družba za ravnanje z odpadki d.o.o.","20 01 38","VRANSKO",22211,"Wood, not specified in 20 01 37","SAVINJSKA"
"SIMBIO, družba za ravnanje z odpadki d.o.o.","20 01 38","ŽALEC",239054,"Wood, not specified in 20 01 37","SAVINJSKA"
"SNAGA, družba za ravnanje z odpadki in druge komunalne storitve, d.o.o.","15 01 01","KUNGOTA",21991,"Paper/Cardboard Packaging","PODRAVSKA"
"SNAGA, družba za ravnanje z odpadki in druge komunalne storitve, d.o.o.","15 01 01","LOVRENC NA POHORJU",14790,"Paper/Cardboard Packaging","PODRAVSKA"
"SNAGA, družba za ravnanje z odpadki in druge komunalne storitve, d.o.o.","15 01 01","MARIBOR",500972,"Paper/Cardboard Packaging","PODRAVSKA"
"SNAGA, družba za ravnanje z odpadki in druge komunalne storitve, d.o.o.","15 01 01","MIKLAVŽ NA DRAVSKEM POLJU",27920,"Paper/Cardboard Packaging","PODRAVSKA"
"SNAGA, družba za ravnanje z odpadki in druge komunalne storitve, d.o.o.","15 01 01","PESNICA",24749,"Paper/Cardboard Packaging","PODRAVSKA"
"SNAGA, družba za ravnanje z odpadki in druge komunalne storitve, d.o.o.","15 01 01","RUŠE",25010,"Paper/Cardboard Packaging","PODRAVSKA"
"SNAGA, družba za ravnanje z odpadki in druge komunalne storitve, d.o.o.","15 01 01","SELNICA OB DRAVI",15656,"Paper/Cardboard Packaging","PODRAVSKA"
"SNAGA, družba za ravnanje z odpadki in druge komunalne storitve, d.o.o.","15 01 01","STARŠE",18580,"Paper/Cardboard Packaging","PODRAVSKA"
"SNAGA, družba za ravnanje z odpadki in druge komunalne storitve, d.o.o.","15 01 03","MARIBOR",16240,"Wooden packaging","PODRAVSKA"
"SNAGA, družba za ravnanje z odpadki in druge komunalne storitve, d.o.o.","20 01 38","KUNGOTA",68660,"Wood, not specified in 20 01 37","PODRAVSKA"
"SNAGA, družba za ravnanje z odpadki in druge komunalne storitve, d.o.o.","20 01 38","LOVRENC NA POHORJU",103740,"Wood, not specified in 20 01 37","PODRAVSKA"
"SNAGA, družba za ravnanje z odpadki in druge komunalne storitve, d.o.o.","20 01 38","MARIBOR",4195600,"Wood, not specified in 20 01 37","PODRAVSKA"
"SNAGA, družba za ravnanje z odpadki in druge komunalne storitve, d.o.o.","20 01 38","MIKLAVŽ NA DRAVSKEM POLJU",124520,"Wood, not specified in 20 01 37","PODRAVSKA"
"SNAGA, družba za ravnanje z odpadki in druge komunalne storitve, d.o.o.","20 01 38","PESNICA",181460,"Wood, not specified in 20 01 37","PODRAVSKA"
"SNAGA, družba za ravnanje z odpadki in druge komunalne storitve, d.o.o.","20 01 38","RUŠE",329183,"Wood, not specified in 20 01 37","PODRAVSKA"
"SNAGA, družba za ravnanje z odpadki in druge komunalne storitve, d.o.o.","20 01 38","SELNICA OB DRAVI",184137,"Wood, not specified in 20 01 37","PODRAVSKA"
"SNAGA, družba za ravnanje z odpadki in druge komunalne storitve, d.o.o.","20 01 38","STARŠE",198980,"Wood, not specified in 20 01 37","PODRAVSKA"
"SNAGA Javno podjetje d.o.o.","15 01 01","BREZOVICA",12762,"Paper/Cardboard Packaging","OSREDNJESLOVENSKA"
"SNAGA Javno podjetje d.o.o.","15 01 01","CERKLJE NA GORENJSKEM",4275,"Paper/Cardboard Packaging","GORENJSKA"
"SNAGA Javno podjetje d.o.o.","15 01 01","DOBROVA-POLHOV GRADEC",4075,"Paper/Cardboard Packaging","OSREDNJESLOVENSKA"
"SNAGA Javno podjetje d.o.o.","15 01 01","DOL PRI LJUBLJANI",3464,"Paper/Cardboard Packaging","OSREDNJESLOVENSKA"
"SNAGA Javno podjetje d.o.o.","15 01 01","HORJUL",1885,"Paper/Cardboard Packaging","OSREDNJESLOVENSKA"
"SNAGA Javno podjetje d.o.o.","15 01 01","IG",7110,"Paper/Cardboard Packaging","OSREDNJESLOVENSKA"
"SNAGA Javno podjetje d.o.o.","15 01 01","LJUBLJANA",466958,"Paper/Cardboard Packaging","OSREDNJESLOVENSKA"
"SNAGA Javno podjetje d.o.o.","15 01 01","MEDVODE",10505,"Paper/Cardboard Packaging","OSREDNJESLOVENSKA"
"SNAGA Javno podjetje d.o.o.","15 01 01","ŠKOFLJICA",6406,"Paper/Cardboard Packaging","OSREDNJESLOVENSKA"
"SNAGA Javno podjetje d.o.o.","15 01 01","VELIKE LAŠČE",2572,"Paper/Cardboard Packaging","OSREDNJESLOVENSKA"
"SNAGA Javno podjetje d.o.o.","15 01 01","VODICE",2635,"Paper/Cardboard Packaging","OSREDNJESLOVENSKA"
"SNAGA Javno podjetje d.o.o.","15 01 03","LJUBLJANA",66180,"Wooden packaging","OSREDNJESLOVENSKA"
"SNAGA Javno podjetje d.o.o.","20 01 38","BREZOVICA",28540,"Wood, not specified in 20 01 37","OSREDNJESLOVENSKA"
"SNAGA Javno podjetje d.o.o.","20 01 38","CERKLJE NA GORENJSKEM",46340,"Wood, not specified in 20 01 37","GORENJSKA"
"SNAGA Javno podjetje d.o.o.","20 01 38","IG",20680,"Wood, not specified in 20 01 37","OSREDNJESLOVENSKA"
"SNAGA Javno podjetje d.o.o.","20 01 38","LJUBLJANA",1451860,"Wood, not specified in 20 01 37","OSREDNJESLOVENSKA"
"SNAGA Javno podjetje d.o.o.","20 01 38","MEDVODE",49200,"Wood, not specified in 20 01 37","OSREDNJESLOVENSKA"
"SNAGA Javno podjetje d.o.o.","20 01 38","ŠKOFLJICA",23880,"Wood, not specified in 20 01 37","OSREDNJESLOVENSKA"
"SNAGA Javno podjetje d.o.o.","20 01 38","VELIKE LAŠČE",14500,"Wood, not specified in 20 01 37","OSREDNJESLOVENSKA"
"SNAGA Javno podjetje d.o.o.","20 01 38","VODICE",18520,"Wood, not specified in 20 01 37","OSREDNJESLOVENSKA"
