"year","name_of_company","statistical_region","waste_code","type_of_waste","waste_category","total_waste_delivered","waste_delivered_to_other_collector_RS","waste_delivered_to_processing_operator_RS","waste_delivered_to_other_EU_country"
2019,"ALPKEM, proizvodnja, trgovina, storitve, d.o.o.","GORENJSKA","15 01 01","Paper and Cardboard Packaging (15 01 01)","Packaging Waste",0,0,0,0
2019,"AURENIS, podjetje za proizvodnjo, reciklažo in storitve d.o.o.","GORIŠKA","15 01 01","Paper and Cardboard Packaging (15 01 01)","Packaging Waste",0.81,0,0.81,0
2019,"AURENIS, podjetje za proizvodnjo, reciklažo in storitve d.o.o.","GORIŠKA","19 12 01","Paper and Cardboard from Waste Treatment (19 12 01)","Waste Treatment Residues",4.77,0,4.77,0
2019,"AVTOPREVOZNIŠTVO - PREVOZ BLAGA IN OSEB MARTIN - VALENTINA FRELIH S.P.","GORENJSKA","20 01 01","Paper and Cardboard from Municipal Waste (20 01 01)","Municipal Waste",167.105,0,167.105,0
2019,"AVTOPREVOZNIŠTVO ROBERT ŽAGAR S.P.","GORIŠKA","17 02 01","Construction Wood Waste (17 02 01)","Construction/Demolition Waste",871.38,0,871.38,0
2019,"BAKI-LIM, storitve in trgovina, d.o.o.","SAVINJSKA","20 01 01","Paper and Cardboard from Municipal Waste (20 01 01)","Municipal Waste",21.74,4.56,17.18,0
2019,"BRDO storitve in trgovina d.o.o.","OSREDNJESLOVENSKA","15 01 01","Paper and Cardboard Packaging (15 01 01)","Packaging Waste",147.43,0,147.43,0
2019,"BRDO storitve in trgovina d.o.o.","OSREDNJESLOVENSKA","15 01 03","Wooden Packaging (15 01 03)","Packaging Waste",186.14,0,186.14,0
2019,"BRDO storitve in trgovina d.o.o.","OSREDNJESLOVENSKA","17 02 01","Construction Wood Waste (17 02 01)","Construction/Demolition Waste",7.92,0,7.92,0
2019,"BREZOVNIK PREVOZI&GRADBENIŠTVO storitve d.o.o.","KOROŠKA","17 02 01","Construction Wood Waste (17 02 01)","Construction/Demolition Waste",5,0,5,0
2019,"CEP, proizvodnja, trgovina, storitve, d.o.o.","SAVINJSKA","03 01 05","Sawdust/Shavings/Cuttings (03 01 05)","Wood/Paper Production Waste",12.4,0,12.4,0
2019,"CEP, proizvodnja, trgovina, storitve, d.o.o.","SAVINJSKA","03 03 08","Waste from Sorting of Paper and Cardboard for Recycling (03 03 08)","Wood/Paper Production Waste",194.78,0,194.78,0
2019,"CEP, proizvodnja, trgovina, storitve, d.o.o.","SAVINJSKA","15 01 01","Paper and Cardboard Packaging (15 01 01)","Packaging Waste",46.318,6.217,40.101,0
2019,"CEP, proizvodnja, trgovina, storitve, d.o.o.","SAVINJSKA","19 12 01","Paper and Cardboard from Waste Treatment (19 12 01)","Waste Treatment Residues",772.84,0,772.84,0
2019,"CEP, proizvodnja, trgovina, storitve, d.o.o.","SAVINJSKA","19 12 07","Wood Waste from Treatment (not 19 12 06) (19 12 07)","Waste Treatment Residues",1230,0,1230,0
2019,"DARKO, prevozništvo, d.o.o.","OSREDNJESLOVENSKA","15 01 01","Paper and Cardboard Packaging (15 01 01)","Packaging Waste",151.76,0,151.76,0
2019,"DARKO, prevozništvo, d.o.o.","OSREDNJESLOVENSKA","17 02 01","Construction Wood Waste (17 02 01)","Construction/Demolition Waste",678.585,0,678.585,0
2019,"DESERTA, nespecializirana trgovina na debelo, d.o.o.","SAVINJSKA","20 01 01","Paper and Cardboard from Municipal Waste (20 01 01)","Municipal Waste",838.413,0,396.25,442.163
2019,"DINOS, družba za pripravo sekundarnih surovin, d.o.o.","GORENJSKA","20 01 01","Paper and Cardboard from Municipal Waste (20 01 01)","Municipal Waste",361.79,0,361.79,0
2019,"DINOS, družba za pripravo sekundarnih surovin, d.o.o.","GORIŠKA","20 01 01","Paper and Cardboard from Municipal Waste (20 01 01)","Municipal Waste",182.669,0,182.669,0
2019,"DINOS, družba za pripravo sekundarnih surovin, d.o.o.","JUGOVZHODNA SLOVENIJA","17 02 01","Construction Wood Waste (17 02 01)","Construction/Demolition Waste",36.079,0,36.079,0
2019,"DINOS, družba za pripravo sekundarnih surovin, d.o.o.","JUGOVZHODNA SLOVENIJA","20 01 01","Paper and Cardboard from Municipal Waste (20 01 01)","Municipal Waste",1078.079,0,1078.079,0
2019,"DINOS, družba za pripravo sekundarnih surovin, d.o.o.","KOROŠKA","03 01 05","Sawdust/Shavings/Cuttings (03 01 05)","Wood/Paper Production Waste",21.94,0,21.94,0
2019,"DINOS, družba za pripravo sekundarnih surovin, d.o.o.","KOROŠKA","15 01 01","Paper and Cardboard Packaging (15 01 01)","Packaging Waste",1222.305,0,1222.305,0
2019,"DINOS, družba za pripravo sekundarnih surovin, d.o.o.","KOROŠKA","15 01 03","Wooden Packaging (15 01 03)","Packaging Waste",486.24,0,486.24,0
2019,"DINOS, družba za pripravo sekundarnih surovin, d.o.o.","KOROŠKA","17 02 01","Construction Wood Waste (17 02 01)","Construction/Demolition Waste",45.72,0,45.72,0
2019,"DINOS, družba za pripravo sekundarnih surovin, d.o.o.","KOROŠKA","19 12 01","Paper and Cardboard from Waste Treatment (19 12 01)","Waste Treatment Residues",46.369,0,0,46.369
2019,"DINOS, družba za pripravo sekundarnih surovin, d.o.o.","KOROŠKA","19 12 07","Wood Waste from Treatment (not 19 12 06) (19 12 07)","Waste Treatment Residues",119.36,0,119.36,0
2019,"DINOS, družba za pripravo sekundarnih surovin, d.o.o.","KOROŠKA","20 01 01","Paper and Cardboard from Municipal Waste (20 01 01)","Municipal Waste",320.377,0,320.377,0
2019,"DINOS, družba za pripravo sekundarnih surovin, d.o.o.","KOROŠKA","20 01 38","Non-hazardous Wood from Municipal Waste (20 01 38)","Municipal Waste",5.08,0,5.08,0
2019,"DINOS, družba za pripravo sekundarnih surovin, d.o.o.","OBALNO-KRAŠKA","20 01 01","Paper and Cardboard from Municipal Waste (20 01 01)","Municipal Waste",258.193,0,258.193,0
2019,"DINOS, družba za pripravo sekundarnih surovin, d.o.o.","OSREDNJESLOVENSKA","03 03 08","Waste from Sorting of Paper and Cardboard for Recycling (03 03 08)","Wood/Paper Production Waste",3292.016,0,3292.016,0
2019,"DINOS, družba za pripravo sekundarnih surovin, d.o.o.","OSREDNJESLOVENSKA","15 01 01","Paper and Cardboard Packaging (15 01 01)","Packaging Waste",4998.913,0,4998.913,0
2019,"DINOS, družba za pripravo sekundarnih surovin, d.o.o.","OSREDNJESLOVENSKA","15 01 03","Wooden Packaging (15 01 03)","Packaging Waste",1655.555,0,1655.555,0
2019,"DINOS, družba za pripravo sekundarnih surovin, d.o.o.","OSREDNJESLOVENSKA","19 12 01","Paper and Cardboard from Waste Treatment (19 12 01)","Waste Treatment Residues",58.578,0,58.578,0
2019,"DINOS, družba za pripravo sekundarnih surovin, d.o.o.","OSREDNJESLOVENSKA","19 12 07","Wood Waste from Treatment (not 19 12 06) (19 12 07)","Waste Treatment Residues",14.482,0,14.482,0
2019,"DINOS, družba za pripravo sekundarnih surovin, d.o.o.","OSREDNJESLOVENSKA","20 01 01","Paper and Cardboard from Municipal Waste (20 01 01)","Municipal Waste",8268.715,0,8268.715,0
2019,"DINOS, družba za pripravo sekundarnih surovin, d.o.o.","OSREDNJESLOVENSKA","20 01 38","Non-hazardous Wood from Municipal Waste (20 01 38)","Municipal Waste",56.35,0,56.35,0
2019,"DINOS, družba za pripravo sekundarnih surovin, d.o.o.","PODRAVSKA","15 01 01","Paper and Cardboard Packaging (15 01 01)","Packaging Waste",3.776,0,3.776,0
2019,"DINOS, družba za pripravo sekundarnih surovin, d.o.o.","PODRAVSKA","17 02 01","Construction Wood Waste (17 02 01)","Construction/Demolition Waste",6.04,0,6.04,0
2019,"DINOS, družba za pripravo sekundarnih surovin, d.o.o.","PODRAVSKA","20 01 01","Paper and Cardboard from Municipal Waste (20 01 01)","Municipal Waste",1247.776,0,1247.776,0
2019,"DINOS, družba za pripravo sekundarnih surovin, d.o.o.","POMURSKA","15 01 01","Paper and Cardboard Packaging (15 01 01)","Packaging Waste",207.133,0,207.133,0
2019,"DINOS, družba za pripravo sekundarnih surovin, d.o.o.","POMURSKA","15 01 03","Wooden Packaging (15 01 03)","Packaging Waste",71.315,0,71.315,0
2019,"DINOS, družba za pripravo sekundarnih surovin, d.o.o.","POMURSKA","17 02 01","Construction Wood Waste (17 02 01)","Construction/Demolition Waste",45.48,0,45.48,0
2019,"DINOS, družba za pripravo sekundarnih surovin, d.o.o.","POMURSKA","19 12 01","Paper and Cardboard from Waste Treatment (19 12 01)","Waste Treatment Residues",347.064,0,347.064,0
2019,"DINOS, družba za pripravo sekundarnih surovin, d.o.o.","POMURSKA","20 01 01","Paper and Cardboard from Municipal Waste (20 01 01)","Municipal Waste",561.515,0,561.515,0
2019,"DINOS, družba za pripravo sekundarnih surovin, d.o.o.","POMURSKA","20 01 38","Non-hazardous Wood from Municipal Waste (20 01 38)","Municipal Waste",77.14,0,77.14,0
2019,"DINOS, družba za pripravo sekundarnih surovin, d.o.o.","POSAVSKA","03 01 05","Sawdust/Shavings/Cuttings (03 01 05)","Wood/Paper Production Waste",252.16,252.16,0,0
2019,"DINOS, družba za pripravo sekundarnih surovin, d.o.o.","POSAVSKA","03 03 01","Bark and Wood Waste from Pulp/Paper Production (03 03 01)","Wood/Paper Production Waste",0.4,0,0.4,0
2019,"DINOS, družba za pripravo sekundarnih surovin, d.o.o.","POSAVSKA","03 03 08","Waste from Sorting of Paper and Cardboard for Recycling (03 03 08)","Wood/Paper Production Waste",649.25,0,649.25,0
2019,"DINOS, družba za pripravo sekundarnih surovin, d.o.o.","POSAVSKA","15 01 01","Paper and Cardboard Packaging (15 01 01)","Packaging Waste",589.434,0,165.59,423.844
2019,"DINOS, družba za pripravo sekundarnih surovin, d.o.o.","POSAVSKA","15 01 03","Wooden Packaging (15 01 03)","Packaging Waste",238.07,4.44,233.63,0
2019,"DINOS, družba za pripravo sekundarnih surovin, d.o.o.","POSAVSKA","17 02 01","Construction Wood Waste (17 02 01)","Construction/Demolition Waste",7.92,0,7.92,0
2019,"DINOS, družba za pripravo sekundarnih surovin, d.o.o.","POSAVSKA","19 12 01","Paper and Cardboard from Waste Treatment (19 12 01)","Waste Treatment Residues",3.72,0,3.72,0
2019,"DINOS, družba za pripravo sekundarnih surovin, d.o.o.","POSAVSKA","20 01 01","Paper and Cardboard from Municipal Waste (20 01 01)","Municipal Waste",519.54,0,519.54,0
2019,"DINOS, družba za pripravo sekundarnih surovin, d.o.o.","POSAVSKA","20 01 38","Non-hazardous Wood from Municipal Waste (20 01 38)","Municipal Waste",20.794,0,20.794,0
2019,"DINOS, družba za pripravo sekundarnih surovin, d.o.o.","SAVINJSKA","17 02 01","Construction Wood Waste (17 02 01)","Construction/Demolition Waste",67.96,0,67.96,0
2019,"DINOS, družba za pripravo sekundarnih surovin, d.o.o.","SAVINJSKA","20 01 01","Paper and Cardboard from Municipal Waste (20 01 01)","Municipal Waste",1335.931,0,1335.931,0
2019,"DINOS, družba za pripravo sekundarnih surovin, d.o.o.","ZASAVSKA","15 01 01","Paper and Cardboard Packaging (15 01 01)","Packaging Waste",693.159,0,693.159,0
2019,"DINOS, družba za pripravo sekundarnih surovin, d.o.o.","ZASAVSKA","15 01 03","Wooden Packaging (15 01 03)","Packaging Waste",286.6,0,286.6,0
2019,"DINOS, družba za pripravo sekundarnih surovin, d.o.o.","ZASAVSKA","20 01 01","Paper and Cardboard from Municipal Waste (20 01 01)","Municipal Waste",459.334,0,459.334,0
2019,"DINOS, družba za pripravo sekundarnih surovin, d.o.o.","ZASAVSKA","20 01 38","Non-hazardous Wood from Municipal Waste (20 01 38)","Municipal Waste",1.71,0,1.71,0
2019,"EKO LES PLUS, ravnanje z odpadki, proizvodnja, trgovina, posredništvo, projektiranje in druge storitve, d.o.o.","PODRAVSKA","03 01 05","Sawdust/Shavings/Cuttings (03 01 05)","Wood/Paper Production Waste",4.19,0,4.19,0
2019,"EKO-PARK d.o.o. Lendava, javno podjetje OKO-PARK Kft. Lendva, kozhasznu vallalat","POMURSKA","15 01 01","Paper and Cardboard Packaging (15 01 01)","Packaging Waste",89.849,12.28,77.569,0
2019,"EKO-PARK d.o.o. Lendava, javno podjetje OKO-PARK Kft. Lendva, kozhasznu vallalat","POMURSKA","20 01 01","Paper and Cardboard from Municipal Waste (20 01 01)","Municipal Waste",135.06,135.06,0,0
2019,"EKO-PARK d.o.o. Lendava, javno podjetje OKO-PARK Kft. Lendva, kozhasznu vallalat","POMURSKA","20 03 07","Bulky Municipal Waste (20 03 07)","Municipal Waste",158.5,0,158.5,0
2019,"EKSTERA, trgovina, prevozništvo in druge poslovne storitve, d.o.o.","KOROŠKA","20 03 07","Bulky Municipal Waste (20 03 07)","Municipal Waste",3.974,3.974,0,0
2019,"FMG VZDRŽEVANJE, poslovne storitve in trgovina d.o.o.","OSREDNJESLOVENSKA","03 03 08","Waste from Sorting of Paper and Cardboard for Recycling (03 03 08)","Wood/Paper Production Waste",98.2,0,98.2,0
2019,"FMG VZDRŽEVANJE, poslovne storitve in trgovina d.o.o.","OSREDNJESLOVENSKA","15 01 01","Paper and Cardboard Packaging (15 01 01)","Packaging Waste",105.885,0,105.885,0
2019,"FMG VZDRŽEVANJE, poslovne storitve in trgovina d.o.o.","OSREDNJESLOVENSKA","15 01 03","Wooden Packaging (15 01 03)","Packaging Waste",157.85,0,157.85,0
2019,"FMG VZDRŽEVANJE, poslovne storitve in trgovina d.o.o.","OSREDNJESLOVENSKA","20 01 01","Paper and Cardboard from Municipal Waste (20 01 01)","Municipal Waste",28343.54,1521.67,26821.87,0
2019,"Fetrans, prevozništvo in storitve d.o.o.","OSREDNJESLOVENSKA","20 01 01","Paper and Cardboard from Municipal Waste (20 01 01)","Municipal Waste",4.88,4.46,0.42,0
2019,"INFRASTRUKTURA BLED d.o.o.","GORENJSKA","15 01 01","Paper and Cardboard Packaging (15 01 01)","Packaging Waste",127.947,0,127.947,0
2019,"INFRASTRUKTURA BLED d.o.o.","GORENJSKA","20 01 01","Paper and Cardboard from Municipal Waste (20 01 01)","Municipal Waste",258.87,4.02,254.85,0
2019,"INFRASTRUKTURA BLED d.o.o.","GORENJSKA","20 01 38","Non-hazardous Wood from Municipal Waste (20 01 38)","Municipal Waste",540.58,0,540.58,0
2019,"INFRASTRUKTURA BLED d.o.o.","GORENJSKA","20 03 07","Bulky Municipal Waste (20 03 07)","Municipal Waste",245.09,35.64,209.45,0
2019,"INTER REC 2, proizvodnja, trgovina in storitve, d.o.o.","JUGOVZHODNA SLOVENIJA","15 01 01","Paper and Cardboard Packaging (15 01 01)","Packaging Waste",2290.955,0,29.857,2261.098
2019,"INTER REC 2, proizvodnja, trgovina in storitve, d.o.o.","JUGOVZHODNA SLOVENIJA","20 01 01","Paper and Cardboard from Municipal Waste (20 01 01)","Municipal Waste",1.45,0,1.45,0
2019,"J.D.Z. odpadki, reciklaža sekundarnih surovin, d.o.o.","POSAVSKA","15 01 01","Paper and Cardboard Packaging (15 01 01)","Packaging Waste",100.62,0,100.62,0
2019,"J.D.Z. odpadki, reciklaža sekundarnih surovin, d.o.o.","POSAVSKA","20 01 01","Paper and Cardboard from Municipal Waste (20 01 01)","Municipal Waste",12.48,0,12.48,0
2019,"JAVNO KOMUNALNO PODJETJE DRAVOGRAD d.o.o.","KOROŠKA","15 01 01","Paper and Cardboard Packaging (15 01 01)","Packaging Waste",119.63,0,119.63,0
2019,"JAVNO KOMUNALNO PODJETJE DRAVOGRAD d.o.o.","KOROŠKA","20 01 01","Paper and Cardboard from Municipal Waste (20 01 01)","Municipal Waste",30.526,0,30.526,0
2019,"JAVNO KOMUNALNO PODJETJE DRAVOGRAD d.o.o.","KOROŠKA","20 03 07","Bulky Municipal Waste (20 03 07)","Municipal Waste",272.14,0,272.14,0
2019,"JAVNO KOMUNALNO PODJETJE GROSUPLJE d.o.o.","OSREDNJESLOVENSKA","15 01 01","Paper and Cardboard Packaging (15 01 01)","Packaging Waste",299.763,0,299.763,0
2019,"JAVNO KOMUNALNO PODJETJE GROSUPLJE d.o.o.","OSREDNJESLOVENSKA","15 01 03","Wooden Packaging (15 01 03)","Packaging Waste",62.71,6.89,55.82,0
2019,"JAVNO KOMUNALNO PODJETJE GROSUPLJE d.o.o.","OSREDNJESLOVENSKA","20 01 01","Paper and Cardboard from Municipal Waste (20 01 01)","Municipal Waste",955.686,0,955.686,0
2019,"JAVNO KOMUNALNO PODJETJE GROSUPLJE d.o.o.","OSREDNJESLOVENSKA","20 01 38","Non-hazardous Wood from Municipal Waste (20 01 38)","Municipal Waste",608.83,0,608.83,0
2019,"JAVNO KOMUNALNO PODJETJE GROSUPLJE d.o.o.","OSREDNJESLOVENSKA","20 03 07","Bulky Municipal Waste (20 03 07)","Municipal Waste",543.8,0,543.8,0
2019,"JAVNO KOMUNALNO PODJETJE KOMUNALA KOČEVJE d.o.o.","JUGOVZHODNA SLOVENIJA","15 01 01","Paper and Cardboard Packaging (15 01 01)","Packaging Waste",188.314,0,188.314,0
2019,"JAVNO KOMUNALNO PODJETJE KOMUNALA KOČEVJE d.o.o.","JUGOVZHODNA SLOVENIJA","20 01 01","Paper and Cardboard from Municipal Waste (20 01 01)","Municipal Waste",97.786,0,97.786,0
2019,"JAVNO KOMUNALNO PODJETJE KOMUNALA KOČEVJE d.o.o.","JUGOVZHODNA SLOVENIJA","20 01 38","Non-hazardous Wood from Municipal Waste (20 01 38)","Municipal Waste",533.01,0,533.01,0
2019,"JAVNO KOMUNALNO PODJETJE KOMUNALA KOČEVJE d.o.o.","JUGOVZHODNA SLOVENIJA","20 03 07","Bulky Municipal Waste (20 03 07)","Municipal Waste",523.9,0,523.9,0
2019,"JAVNO KOMUNALNO PODJETJE KOMUNALA RIBNICA d.o.o.","JUGOVZHODNA SLOVENIJA","15 01 01","Paper and Cardboard Packaging (15 01 01)","Packaging Waste",88.965,0,88.965,0
2019,"JAVNO KOMUNALNO PODJETJE KOMUNALA RIBNICA d.o.o.","JUGOVZHODNA SLOVENIJA","20 01 01","Paper and Cardboard from Municipal Waste (20 01 01)","Municipal Waste",92.053,0,92.053,0
2019,"JAVNO KOMUNALNO PODJETJE KOMUNALA RIBNICA d.o.o.","JUGOVZHODNA SLOVENIJA","20 01 38","Non-hazardous Wood from Municipal Waste (20 01 38)","Municipal Waste",293.3,0,293.3,0
2019,"JAVNO KOMUNALNO PODJETJE KOMUNALA RIBNICA d.o.o.","JUGOVZHODNA SLOVENIJA","20 03 07","Bulky Municipal Waste (20 03 07)","Municipal Waste",409.82,0,409.82,0
2019,"JAVNO KOMUNALNO PODJETJE LOG d.o.o.","KOROŠKA","15 01 01","Paper and Cardboard Packaging (15 01 01)","Packaging Waste",47.682,11.08,36.602,0
2019,"JAVNO KOMUNALNO PODJETJE LOG d.o.o.","KOROŠKA","20 01 01","Paper and Cardboard from Municipal Waste (20 01 01)","Municipal Waste",235.067,0,235.067,0
2019,"JAVNO KOMUNALNO PODJETJE LOG d.o.o.","KOROŠKA","20 03 07","Bulky Municipal Waste (20 03 07)","Municipal Waste",706.7,0,706.7,0
2019,"JAVNO KOMUNALNO PODJETJE PRODNIK d.o.o.","OSREDNJESLOVENSKA","15 01 01","Paper and Cardboard Packaging (15 01 01)","Packaging Waste",588.273,0,588.273,0
2019,"JAVNO KOMUNALNO PODJETJE PRODNIK d.o.o.","OSREDNJESLOVENSKA","20 01 01","Paper and Cardboard from Municipal Waste (20 01 01)","Municipal Waste",1154.892,0,1154.892,0
2019,"JAVNO KOMUNALNO PODJETJE PRODNIK d.o.o.","OSREDNJESLOVENSKA","20 01 38","Non-hazardous Wood from Municipal Waste (20 01 38)","Municipal Waste",719.68,0,719.68,0
2019,"JAVNO KOMUNALNO PODJETJE PRODNIK d.o.o.","OSREDNJESLOVENSKA","20 03 07","Bulky Municipal Waste (20 03 07)","Municipal Waste",1683.26,0,1683.26,0
2019,"JAVNO KOMUNALNO PODJETJE RADLJE OB DRAVI d.o.o.","KOROŠKA","15 01 01","Paper and Cardboard Packaging (15 01 01)","Packaging Waste",46.752,12.896,33.856,0
2019,"JAVNO KOMUNALNO PODJETJE RADLJE OB DRAVI d.o.o.","KOROŠKA","20 01 01","Paper and Cardboard from Municipal Waste (20 01 01)","Municipal Waste",104.208,0,104.208,0
2019,"JAVNO KOMUNALNO PODJETJE RADLJE OB DRAVI d.o.o.","KOROŠKA","20 03 07","Bulky Municipal Waste (20 03 07)","Municipal Waste",318.58,0,318.58,0
2019,"JAVNO PODJETJE KOMUNALA CERKNICA d.o.o. Cerknica","PRIMORSKO-NOTRANJSKA","15 01 01","Paper and Cardboard Packaging (15 01 01)","Packaging Waste",76.272,0,76.272,0
2019,"JAVNO PODJETJE KOMUNALA CERKNICA d.o.o. Cerknica","PRIMORSKO-NOTRANJSKA","15 01 03","Wooden Packaging (15 01 03)","Packaging Waste",55.32,0,55.32,0
2019,"JAVNO PODJETJE KOMUNALA CERKNICA d.o.o. Cerknica","PRIMORSKO-NOTRANJSKA","20 01 01","Paper and Cardboard from Municipal Waste (20 01 01)","Municipal Waste",240.463,0,240.463,0
2019,"JAVNO PODJETJE KOMUNALA CERKNICA d.o.o. Cerknica","PRIMORSKO-NOTRANJSKA","20 01 38","Non-hazardous Wood from Municipal Waste (20 01 38)","Municipal Waste",434.48,0,434.48,0
2019,"JAVNO PODJETJE KOMUNALA CERKNICA d.o.o. Cerknica","PRIMORSKO-NOTRANJSKA","20 03 07","Bulky Municipal Waste (20 03 07)","Municipal Waste",255.46,0,255.46,0
2019,"JAVNO PODJETJE KOMUNALA ILIRSKA BISTRICA, d.o.o.","PRIMORSKO-NOTRANJSKA","15 01 01","Paper and Cardboard Packaging (15 01 01)","Packaging Waste",160.904,0,160.904,0
2019,"JAVNO PODJETJE KOMUNALA ILIRSKA BISTRICA, d.o.o.","PRIMORSKO-NOTRANJSKA","20 01 01","Paper and Cardboard from Municipal Waste (20 01 01)","Municipal Waste",130.397,0,130.397,0
2019,"JAVNO PODJETJE KOMUNALA ILIRSKA BISTRICA, d.o.o.","PRIMORSKO-NOTRANJSKA","20 01 38","Non-hazardous Wood from Municipal Waste (20 01 38)","Municipal Waste",205.68,0,205.68,0
2019,"JAVNO PODJETJE KOMUNALA ILIRSKA BISTRICA, d.o.o.","PRIMORSKO-NOTRANJSKA","20 03 07","Bulky Municipal Waste (20 03 07)","Municipal Waste",440.19,0,440.19,0
2019,"JAVNO PODJETJE KOMUNALA Izola, d.o.o. Azienda pubblica KOMUNALA Isola, S.r.l.","OBALNO-KRAŠKA","15 01 01","Paper and Cardboard Packaging (15 01 01)","Packaging Waste",258.602,0,258.602,0
2019,"JAVNO PODJETJE KOMUNALA Izola, d.o.o. Azienda pubblica KOMUNALA Isola, S.r.l.","OBALNO-KRAŠKA","15 01 03","Wooden Packaging (15 01 03)","Packaging Waste",12.5,0,12.5,0
2019,"JAVNO PODJETJE KOMUNALA Izola, d.o.o. Azienda pubblica KOMUNALA Isola, S.r.l.","OBALNO-KRAŠKA","20 01 01","Paper and Cardboard from Municipal Waste (20 01 01)","Municipal Waste",285.756,0,285.756,0
2019,"JAVNO PODJETJE KOMUNALA Izola, d.o.o. Azienda pubblica KOMUNALA Isola, S.r.l.","OBALNO-KRAŠKA","20 01 38","Non-hazardous Wood from Municipal Waste (20 01 38)","Municipal Waste",754.88,0,754.88,0
2019,"JAVNO PODJETJE KOMUNALA Izola, d.o.o. Azienda pubblica KOMUNALA Isola, S.r.l.","OBALNO-KRAŠKA","20 03 07","Bulky Municipal Waste (20 03 07)","Municipal Waste",377.7,0,377.7,0
2019,"JAVNO PODJETJE KOMUNALA LAŠKO d.o.o.","SAVINJSKA","15 01 01","Paper and Cardboard Packaging (15 01 01)","Packaging Waste",162.553,0,162.553,0
2019,"JAVNO PODJETJE KOMUNALA LAŠKO d.o.o.","SAVINJSKA","20 01 38","Non-hazardous Wood from Municipal Waste (20 01 38)","Municipal Waste",27.06,0,27.06,0
2019,"JAVNO PODJETJE KOMUNALA LAŠKO d.o.o.","SAVINJSKA","20 03 07","Bulky Municipal Waste (20 03 07)","Municipal Waste",424.7,0,424.7,0
2019,"JAVNO PODJETJE KOMUNALA RADEČE d.o.o.","POSAVSKA","15 01 01","Paper and Cardboard Packaging (15 01 01)","Packaging Waste",28.6,22.77,5.83,0
2019,"JAVNO PODJETJE KOMUNALA RADEČE d.o.o.","POSAVSKA","20 01 01","Paper and Cardboard from Municipal Waste (20 01 01)","Municipal Waste",37,37,0,0
2019,"JAVNO PODJETJE KOMUNALA RADEČE d.o.o.","POSAVSKA","20 01 38","Non-hazardous Wood from Municipal Waste (20 01 38)","Municipal Waste",67.3,0,67.3,0
2019,"JAVNO PODJETJE KOMUNALA RADEČE d.o.o.","POSAVSKA","20 03 07","Bulky Municipal Waste (20 03 07)","Municipal Waste",57.76,0,57.76,0
2019,"JAVNO PODJETJE KOMUNALA SLOVENJ GRADEC d.o.o.","KOROŠKA","15 01 01","Paper and Cardboard Packaging (15 01 01)","Packaging Waste",182.26,109.02,73.24,0
2019,"JAVNO PODJETJE KOMUNALA SLOVENJ GRADEC d.o.o.","KOROŠKA","20 01 01","Paper and Cardboard from Municipal Waste (20 01 01)","Municipal Waste",6.42,6.42,0,0
2019,"JAVNO PODJETJE KOMUNALA SLOVENJ GRADEC d.o.o.","KOROŠKA","20 03 07","Bulky Municipal Waste (20 03 07)","Municipal Waste",893.13,49.07,844.06,0
2019,"JAVNO PODJETJE KOMUNALA TRBOVLJE d.o.o.","ZASAVSKA","15 01 01","Paper and Cardboard Packaging (15 01 01)","Packaging Waste",113.77,22.62,91.15,0
2019,"JAVNO PODJETJE KOMUNALA TRBOVLJE d.o.o.","ZASAVSKA","15 01 03","Wooden Packaging (15 01 03)","Packaging Waste",1.1,0.26,0.84,0
2019,"JAVNO PODJETJE KOMUNALA TRBOVLJE d.o.o.","ZASAVSKA","20 01 01","Paper and Cardboard from Municipal Waste (20 01 01)","Municipal Waste",63.33,8.9,54.43,0
2019,"JAVNO PODJETJE KOMUNALA TRBOVLJE d.o.o.","ZASAVSKA","20 01 38","Non-hazardous Wood from Municipal Waste (20 01 38)","Municipal Waste",500.1,0,500.1,0
2019,"JAVNO PODJETJE KOMUNALA TRBOVLJE d.o.o.","ZASAVSKA","20 03 07","Bulky Municipal Waste (20 03 07)","Municipal Waste",172.3,0,172.3,0
2019,"JAVNO PODJETJE KOMUNALA ZAGORJE, d.o.o.","ZASAVSKA","15 01 01","Paper and Cardboard Packaging (15 01 01)","Packaging Waste",133.97,31.15,102.82,0
2019,"JAVNO PODJETJE KOMUNALA ZAGORJE, d.o.o.","ZASAVSKA","20 01 01","Paper and Cardboard from Municipal Waste (20 01 01)","Municipal Waste",224.68,23.04,201.64,0
2019,"JAVNO PODJETJE KOMUNALA ZAGORJE, d.o.o.","ZASAVSKA","20 01 38","Non-hazardous Wood from Municipal Waste (20 01 38)","Municipal Waste",386,0,386,0
2019,"JAVNO PODJETJE KOMUNALA ZAGORJE, d.o.o.","ZASAVSKA","20 03 07","Bulky Municipal Waste (20 03 07)","Municipal Waste",148.98,0,148.98,0
2019,"JAVNO PODJETJE KOMUNALA d.o.o. Sevnica","POSAVSKA","15 01 01","Paper and Cardboard Packaging (15 01 01)","Packaging Waste",115.75,26.04,89.71,0
2019,"JAVNO PODJETJE KOMUNALA d.o.o. Sevnica","POSAVSKA","15 01 03","Wooden Packaging (15 01 03)","Packaging Waste",6.76,2,4.76,0
2019,"JAVNO PODJETJE KOMUNALA d.o.o. Sevnica","POSAVSKA","20 01 01","Paper and Cardboard from Municipal Waste (20 01 01)","Municipal Waste",223.73,53.6,170.13,0
2019,"JAVNO PODJETJE KOMUNALA d.o.o. Sevnica","POSAVSKA","20 01 38","Non-hazardous Wood from Municipal Waste (20 01 38)","Municipal Waste",249.12,0,249.12,0
2019,"JAVNO PODJETJE KOMUNALA d.o.o. Sevnica","POSAVSKA","20 03 07","Bulky Municipal Waste (20 03 07)","Municipal Waste",121.96,0,121.96,0
2019,"JAVNO PODJETJE KOMUNALA ČRNOMELJ d.o.o.","JUGOVZHODNA SLOVENIJA","15 01 01","Paper and Cardboard Packaging (15 01 01)","Packaging Waste",187.94,0,187.94,0
2019,"JAVNO PODJETJE KOMUNALA ČRNOMELJ d.o.o.","JUGOVZHODNA SLOVENIJA","20 01 01","Paper and Cardboard from Municipal Waste (20 01 01)","Municipal Waste",37.16,0,37.16,0
2019,"JAVNO PODJETJE KOMUNALA ČRNOMELJ d.o.o.","JUGOVZHODNA SLOVENIJA","20 03 07","Bulky Municipal Waste (20 03 07)","Municipal Waste",376.11,0,376.11,0
2019,"JAVNO PODJETJE KOMUNALA, d.o.o. Mozirje","SAVINJSKA","15 01 01","Paper and Cardboard Packaging (15 01 01)","Packaging Waste",50.024,0.52,49.504,0
2019,"JAVNO PODJETJE KOMUNALA, d.o.o. Mozirje","SAVINJSKA","20 01 01","Paper and Cardboard from Municipal Waste (20 01 01)","Municipal Waste",48.48,2.08,46.4,0
2019,"JAVNO PODJETJE KOMUNALA, d.o.o. Mozirje","SAVINJSKA","20 03 07","Bulky Municipal Waste (20 03 07)","Municipal Waste",224,0,224,0
2019,"JAVNO PODJETJE KOMUNALNO STANOVANJSKO PODJETJE Litija, d.o.o.","OSREDNJESLOVENSKA","15 01 01","Paper and Cardboard Packaging (15 01 01)","Packaging Waste",166.008,38.71,127.298,0
2019,"JAVNO PODJETJE KOMUNALNO STANOVANJSKO PODJETJE Litija, d.o.o.","OSREDNJESLOVENSKA","20 01 01","Paper and Cardboard from Municipal Waste (20 01 01)","Municipal Waste",71.802,0,71.802,0
2019,"JAVNO PODJETJE KOMUNALNO STANOVANJSKO PODJETJE Litija, d.o.o.","OSREDNJESLOVENSKA","20 01 38","Non-hazardous Wood from Municipal Waste (20 01 38)","Municipal Waste",281.75,0,281.75,0
2019,"JAVNO PODJETJE KOMUNALNO STANOVANJSKO PODJETJE Litija, d.o.o.","OSREDNJESLOVENSKA","20 03 07","Bulky Municipal Waste (20 03 07)","Municipal Waste",614.63,0,614.63,0
2019,"JAVNO PODJETJE VODOVOD KANALIZACIJA SNAGA d.o.o.","OSREDNJESLOVENSKA","15 01 01","Paper and Cardboard Packaging (15 01 01)","Packaging Waste",2052.201,0,2052.201,0
2019,"JAVNO PODJETJE VODOVOD KANALIZACIJA SNAGA d.o.o.","OSREDNJESLOVENSKA","15 01 03","Wooden Packaging (15 01 03)","Packaging Waste",141.54,0,141.54,0
2019,"JAVNO PODJETJE VODOVOD KANALIZACIJA SNAGA d.o.o.","OSREDNJESLOVENSKA","17 02 01","Construction Wood Waste (17 02 01)","Construction/Demolition Waste",1.48,0,1.48,0
2019,"JAVNO PODJETJE VODOVOD KANALIZACIJA SNAGA d.o.o.","OSREDNJESLOVENSKA","20 01 01","Paper and Cardboard from Municipal Waste (20 01 01)","Municipal Waste",8568.606,5302.29,3266.316,0
2019,"JAVNO PODJETJE VODOVOD KANALIZACIJA SNAGA d.o.o.","OSREDNJESLOVENSKA","20 01 38","Non-hazardous Wood from Municipal Waste (20 01 38)","Municipal Waste",4958.07,0,4958.07,0
2019,"JAVNO PODJETJE VODOVOD KANALIZACIJA SNAGA d.o.o.","OSREDNJESLOVENSKA","20 03 07","Bulky Municipal Waste (20 03 07)","Municipal Waste",6501.74,0,6501.74,0
2019,"JEKO, javno komunalno podjetje, d.o.o., Jesenice","GORENJSKA","15 01 01","Paper and Cardboard Packaging (15 01 01)","Packaging Waste",114.25,0,114.25,0
2019,"JEKO, javno komunalno podjetje, d.o.o., Jesenice","GORENJSKA","15 01 03","Wooden Packaging (15 01 03)","Packaging Waste",23.32,0,23.32,0
2019,"JEKO, javno komunalno podjetje, d.o.o., Jesenice","GORENJSKA","20 01 01","Paper and Cardboard from Municipal Waste (20 01 01)","Municipal Waste",383.467,0,383.467,0
2019,"JEKO, javno komunalno podjetje, d.o.o., Jesenice","GORENJSKA","20 01 38","Non-hazardous Wood from Municipal Waste (20 01 38)","Municipal Waste",474.61,0,474.61,0
2019,"JEKO, javno komunalno podjetje, d.o.o., Jesenice","GORENJSKA","20 03 07","Bulky Municipal Waste (20 03 07)","Municipal Waste",1401.16,0,1401.16,0
2019,"JKP, JAVNO KOMUNALNO PODJETJE d.o.o. SLOVENSKE KONJICE","SAVINJSKA","15 01 01","Paper and Cardboard Packaging (15 01 01)","Packaging Waste",136.16,0,136.16,0
2019,"JKP, JAVNO KOMUNALNO PODJETJE d.o.o. SLOVENSKE KONJICE","SAVINJSKA","20 01 01","Paper and Cardboard from Municipal Waste (20 01 01)","Municipal Waste",285.068,183.947,101.121,0
2019,"JKP, JAVNO KOMUNALNO PODJETJE d.o.o. SLOVENSKE KONJICE","SAVINJSKA","20 01 38","Non-hazardous Wood from Municipal Waste (20 01 38)","Municipal Waste",174.44,0,174.44,0
2019,"JKP, JAVNO KOMUNALNO PODJETJE d.o.o. SLOVENSKE KONJICE","SAVINJSKA","20 03 07","Bulky Municipal Waste (20 03 07)","Municipal Waste",213.52,0,213.52,0
2019,"Javne službe Ptuj, podjetje za izvajanje gospodarskih javnih služb in drugih dejavnosti, d.o.o.","PODRAVSKA","15 01 01","Paper and Cardboard Packaging (15 01 01)","Packaging Waste",273.765,0,273.765,0
2019,"Javne službe Ptuj, podjetje za izvajanje gospodarskih javnih služb in drugih dejavnosti, d.o.o.","PODRAVSKA","20 01 01","Paper and Cardboard from Municipal Waste (20 01 01)","Municipal Waste",754.184,0,754.184,0
2019,"Javne službe Ptuj, podjetje za izvajanje gospodarskih javnih služb in drugih dejavnosti, d.o.o.","PODRAVSKA","20 01 38","Non-hazardous Wood from Municipal Waste (20 01 38)","Municipal Waste",1154.846,0,1016.33,138.516
2019,"Javne službe Ptuj, podjetje za izvajanje gospodarskih javnih služb in drugih dejavnosti, d.o.o.","PODRAVSKA","20 03 07","Bulky Municipal Waste (20 03 07)","Municipal Waste",1218.129,0,1218.129,0
2019,"Javno podjetje KOMUNALA Idrija d.o.o.","GORIŠKA","15 01 01","Paper and Cardboard Packaging (15 01 01)","Packaging Waste",304.32,0,304.32,0
2019,"Javno podjetje KOMUNALA Idrija d.o.o.","GORIŠKA","20 01 01","Paper and Cardboard from Municipal Waste (20 01 01)","Municipal Waste",235.067,0,235.067,0
2019,"Javno podjetje KOMUNALA Idrija d.o.o.","GORIŠKA","20 01 38","Non-hazardous Wood from Municipal Waste (20 01 38)","Municipal Waste",496.71,0,496.71,0
2019,"Javno podjetje KOMUNALA Idrija d.o.o.","GORIŠKA","20 03 07","Bulky Municipal Waste (20 03 07)","Municipal Waste",381.26,0,381.26,0
2019,"Javno podjetje Komunala Brežice d.o.o.","POSAVSKA","15 01 01","Paper and Cardboard Packaging (15 01 01)","Packaging Waste",201.98,46.79,155.19,0
2019,"Javno podjetje Komunala Brežice d.o.o.","POSAVSKA","20 01 01","Paper and Cardboard from Municipal Waste (20 01 01)","Municipal Waste",177.05,0,177.05,0
2019,"Javno podjetje Komunalno podjetje Logatec, d.o.o.","OSREDNJESLOVENSKA","15 01 01","Paper and Cardboard Packaging (15 01 01)","Packaging Waste",134.5,32.848,101.652,0
2019,"Javno podjetje Komunalno podjetje Logatec, d.o.o.","OSREDNJESLOVENSKA","20 01 01","Paper and Cardboard from Municipal Waste (20 01 01)","Municipal Waste",201.392,0,201.392,0
2019,"Javno podjetje Komunalno podjetje Logatec, d.o.o.","OSREDNJESLOVENSKA","20 01 38","Non-hazardous Wood from Municipal Waste (20 01 38)","Municipal Waste",322.67,45.58,277.09,0
2019,"Javno podjetje Komunalno podjetje Logatec, d.o.o.","OSREDNJESLOVENSKA","20 03 07","Bulky Municipal Waste (20 03 07)","Municipal Waste",140.77,0,140.77,0
2019,"Javno podjetje Komunalno podjetje Vrhnika, d.o.o.","OSREDNJESLOVENSKA","15 01 01","Paper and Cardboard Packaging (15 01 01)","Packaging Waste",184.779,44.245,140.534,0
2019,"Javno podjetje Komunalno podjetje Vrhnika, d.o.o.","OSREDNJESLOVENSKA","20 01 01","Paper and Cardboard from Municipal Waste (20 01 01)","Municipal Waste",786.966,176.17,610.796,0
2019,"Javno podjetje Komunalno podjetje Vrhnika, d.o.o.","OSREDNJESLOVENSKA","20 01 38","Non-hazardous Wood from Municipal Waste (20 01 38)","Municipal Waste",597.45,0,597.45,0
2019,"Javno podjetje Komunalno podjetje Vrhnika, d.o.o.","OSREDNJESLOVENSKA","20 03 07","Bulky Municipal Waste (20 03 07)","Municipal Waste",239.58,9.16,230.42,0
2019,"Javno podjetje OKOLJE Piran, d.o.o.","OBALNO-KRAŠKA","15 01 01","Paper and Cardboard Packaging (15 01 01)","Packaging Waste",586.066,0,586.066,0
2019,"Javno podjetje OKOLJE Piran, d.o.o.","OBALNO-KRAŠKA","20 01 01","Paper and Cardboard from Municipal Waste (20 01 01)","Municipal Waste",139.114,96.54,42.574,0
2019,"Javno podjetje OKOLJE Piran, d.o.o.","OBALNO-KRAŠKA","20 01 38","Non-hazardous Wood from Municipal Waste (20 01 38)","Municipal Waste",591.47,0,591.47,0
2019,"Javno podjetje OKOLJE Piran, d.o.o.","OBALNO-KRAŠKA","20 03 07","Bulky Municipal Waste (20 03 07)","Municipal Waste",334.78,0,334.78,0
2019,"Javno podjetje center za ravnanje z odpadki Puconci d.o.o.","POMURSKA","15 01 01","Paper and Cardboard Packaging (15 01 01)","Packaging Waste",31.32,0,31.32,0
2019,"Javno podjetje center za ravnanje z odpadki Puconci d.o.o.","POMURSKA","20 01 01","Paper and Cardboard from Municipal Waste (20 01 01)","Municipal Waste",24.18,0,24.18,0
2019,"Javno podjetje center za ravnanje z odpadki Puconci d.o.o.","POMURSKA","20 01 38","Non-hazardous Wood from Municipal Waste (20 01 38)","Municipal Waste",5.76,0,5.76,0
2019,"Javno podjetje center za ravnanje z odpadki Puconci d.o.o.","POMURSKA","20 03 07","Bulky Municipal Waste (20 03 07)","Municipal Waste",153.62,0,153.62,0
2019,"Javno podjetje–Azienda pubblica MARJETICA KOPER, d.o.o.-s.r.l.","OBALNO-KRAŠKA","15 01 01","Paper and Cardboard Packaging (15 01 01)","Packaging Waste",389.832,0,389.832,0
2019,"Javno podjetje–Azienda pubblica MARJETICA KOPER, d.o.o.-s.r.l.","OBALNO-KRAŠKA","20 01 01","Paper and Cardboard from Municipal Waste (20 01 01)","Municipal Waste",1125.506,0,1125.506,0
2019,"Javno podjetje–Azienda pubblica MARJETICA KOPER, d.o.o.-s.r.l.","OBALNO-KRAŠKA","20 01 38","Non-hazardous Wood from Municipal Waste (20 01 38)","Municipal Waste",2003.48,0,2003.48,0
2019,"Javno podjetje–Azienda pubblica MARJETICA KOPER, d.o.o.-s.r.l.","OBALNO-KRAŠKA","20 03 07","Bulky Municipal Waste (20 03 07)","Municipal Waste",386.27,0,386.27,0
2019,"KEMIS kemični izdelki, predelava in odstranjevanje odpadkov d.o.o.","OSREDNJESLOVENSKA","15 01 01","Paper and Cardboard Packaging (15 01 01)","Packaging Waste",1.764,0,1.764,0
2019,"KEMIS kemični izdelki, predelava in odstranjevanje odpadkov d.o.o.","OSREDNJESLOVENSKA","15 01 03","Wooden Packaging (15 01 03)","Packaging Waste",7.072,0,7.072,0
2019,"KEMIS kemični izdelki, predelava in odstranjevanje odpadkov d.o.o.","OSREDNJESLOVENSKA","20 01 01","Paper and Cardboard from Municipal Waste (20 01 01)","Municipal Waste",0.121,0,0.121,0
2019,"KOMTEKS, zbiranje in odkup sekundarnih surovin, d.o.o.","OSREDNJESLOVENSKA","15 01 01","Paper and Cardboard Packaging (15 01 01)","Packaging Waste",1.539,0,1.539,0
2019,"KOMTEKS, zbiranje in odkup sekundarnih surovin, d.o.o.","OSREDNJESLOVENSKA","15 01 03","Wooden Packaging (15 01 03)","Packaging Waste",2.06,0,2.06,0
2019,"KOMTEKS, zbiranje in odkup sekundarnih surovin, d.o.o.","OSREDNJESLOVENSKA","17 02 01","Construction Wood Waste (17 02 01)","Construction/Demolition Waste",600.4,0,600.4,0
2019,"KOMTEKS, zbiranje in odkup sekundarnih surovin, d.o.o.","OSREDNJESLOVENSKA","20 01 01","Paper and Cardboard from Municipal Waste (20 01 01)","Municipal Waste",22.55,0,22.55,0
2019,"KOMUNALA KRANJ, javno podjetje, d.o.o.","GORENJSKA","15 01 01","Paper and Cardboard Packaging (15 01 01)","Packaging Waste",683.354,0,683.354,0
2019,"KOMUNALA KRANJ, javno podjetje, d.o.o.","GORENJSKA","15 01 03","Wooden Packaging (15 01 03)","Packaging Waste",30.229,0,30.229,0
2019,"KOMUNALA KRANJ, javno podjetje, d.o.o.","GORENJSKA","20 01 01","Paper and Cardboard from Municipal Waste (20 01 01)","Municipal Waste",662.871,0,662.871,0
2019,"KOMUNALA KRANJ, javno podjetje, d.o.o.","GORENJSKA","20 01 38","Non-hazardous Wood from Municipal Waste (20 01 38)","Municipal Waste",1233.19,0,1233.19,0
2019,"KOMUNALA KRANJ, javno podjetje, d.o.o.","GORENJSKA","20 03 07","Bulky Municipal Waste (20 03 07)","Municipal Waste",825.947,0,825.947,0
2019,"KOMUNALA Komunalno podjetje Nova Gorica d.d.","GORIŠKA","03 01 05","Sawdust/Shavings/Cuttings (03 01 05)","Wood/Paper Production Waste",14.74,0,14.74,0
2019,"KOMUNALA Komunalno podjetje Nova Gorica d.d.","GORIŠKA","15 01 01","Paper and Cardboard Packaging (15 01 01)","Packaging Waste",868.754,0,868.754,0
2019,"KOMUNALA Komunalno podjetje Nova Gorica d.d.","GORIŠKA","15 01 03","Wooden Packaging (15 01 03)","Packaging Waste",113.18,0,113.18,0
2019,"KOMUNALA Komunalno podjetje Nova Gorica d.d.","GORIŠKA","17 02 01","Construction Wood Waste (17 02 01)","Construction/Demolition Waste",25.02,0,25.02,0
2019,"KOMUNALA Komunalno podjetje Nova Gorica d.d.","GORIŠKA","20 01 01","Paper and Cardboard from Municipal Waste (20 01 01)","Municipal Waste",1710.68,0,1587.1,123.58
2019,"KOMUNALA Komunalno podjetje Nova Gorica d.d.","GORIŠKA","20 01 38","Non-hazardous Wood from Municipal Waste (20 01 38)","Municipal Waste",1390.8,0,1390.8,0
2019,"KOMUNALA Komunalno podjetje Nova Gorica d.d.","GORIŠKA","20 03 07","Bulky Municipal Waste (20 03 07)","Municipal Waste",1717.05,0,1717.05,0
2019,"KOMUNALA METLIKA javno podjetje d.o.o.","JUGOVZHODNA SLOVENIJA","15 01 01","Paper and Cardboard Packaging (15 01 01)","Packaging Waste",145.26,0,145.26,0
2019,"KOMUNALA METLIKA javno podjetje d.o.o.","JUGOVZHODNA SLOVENIJA","20 01 01","Paper and Cardboard from Municipal Waste (20 01 01)","Municipal Waste",11.14,0,11.14,0
2019,"KOMUNALA METLIKA javno podjetje d.o.o.","JUGOVZHODNA SLOVENIJA","20 01 38","Non-hazardous Wood from Municipal Waste (20 01 38)","Municipal Waste",303.68,0,303.68,0
2019,"KOMUNALA METLIKA javno podjetje d.o.o.","JUGOVZHODNA SLOVENIJA","20 03 07","Bulky Municipal Waste (20 03 07)","Municipal Waste",304.57,0,304.57,0
2019,"KOMUNALA NOVO MESTO d.o.o., javno podjetje","JUGOVZHODNA SLOVENIJA","15 01 01","Paper and Cardboard Packaging (15 01 01)","Packaging Waste",690.317,0,690.317,0
2019,"KOMUNALA NOVO MESTO d.o.o., javno podjetje","JUGOVZHODNA SLOVENIJA","15 01 03","Wooden Packaging (15 01 03)","Packaging Waste",35.55,0,35.55,0
2019,"KOMUNALA NOVO MESTO d.o.o., javno podjetje","JUGOVZHODNA SLOVENIJA","20 01 01","Paper and Cardboard from Municipal Waste (20 01 01)","Municipal Waste",212.407,0,212.407,0
2019,"KOMUNALA NOVO MESTO d.o.o., javno podjetje","JUGOVZHODNA SLOVENIJA","20 01 38","Non-hazardous Wood from Municipal Waste (20 01 38)","Municipal Waste",1283.46,0,1283.46,0
2019,"KOMUNALA NOVO MESTO d.o.o., javno podjetje","JUGOVZHODNA SLOVENIJA","20 03 07","Bulky Municipal Waste (20 03 07)","Municipal Waste",913.73,0,913.73,0
2019,"KOMUNALA RADGONA, javno podjetje d.o.o.","POMURSKA","15 01 01","Paper and Cardboard Packaging (15 01 01)","Packaging Waste",52.87,0,52.87,0
2019,"KOMUNALA RADGONA, javno podjetje d.o.o.","POMURSKA","20 01 01","Paper and Cardboard from Municipal Waste (20 01 01)","Municipal Waste",211.98,0,211.98,0
2019,"KOMUNALA RADGONA, javno podjetje d.o.o.","POMURSKA","20 01 38","Non-hazardous Wood from Municipal Waste (20 01 38)","Municipal Waste",75.38,0,75.38,0
2019,"KOMUNALA RADGONA, javno podjetje d.o.o.","POMURSKA","20 03 07","Bulky Municipal Waste (20 03 07)","Municipal Waste",245.55,0,245.55,0
2019,"KOMUNALA RADOVLJICA, javno podjetje za komunalno dejavnost, d.o.o.","GORENJSKA","15 01 01","Paper and Cardboard Packaging (15 01 01)","Packaging Waste",160.21,0,160.21,0
2019,"KOMUNALA RADOVLJICA, javno podjetje za komunalno dejavnost, d.o.o.","GORENJSKA","20 01 01","Paper and Cardboard from Municipal Waste (20 01 01)","Municipal Waste",412.064,68.06,344.004,0
2019,"KOMUNALA RADOVLJICA, javno podjetje za komunalno dejavnost, d.o.o.","GORENJSKA","20 01 38","Non-hazardous Wood from Municipal Waste (20 01 38)","Municipal Waste",569.03,0,569.03,0
2019,"KOMUNALA RADOVLJICA, javno podjetje za komunalno dejavnost, d.o.o.","GORENJSKA","20 03 07","Bulky Municipal Waste (20 03 07)","Municipal Waste",640.86,0,640.86,0
2019,"KOMUNALA SLOVENSKA BISTRICA podjetje za komunalne in druge storitve d.o.o.","PODRAVSKA","15 01 01","Paper and Cardboard Packaging (15 01 01)","Packaging Waste",338.865,0,338.865,0
2019,"KOMUNALA SLOVENSKA BISTRICA podjetje za komunalne in druge storitve d.o.o.","PODRAVSKA","19 12 01","Paper and Cardboard from Waste Treatment (19 12 01)","Waste Treatment Residues",239.38,0,239.38,0
2019,"KOMUNALA SLOVENSKA BISTRICA podjetje za komunalne in druge storitve d.o.o.","PODRAVSKA","20 01 01","Paper and Cardboard from Municipal Waste (20 01 01)","Municipal Waste",473.39,0,473.39,0
2019,"KOMUNALA SLOVENSKA BISTRICA podjetje za komunalne in druge storitve d.o.o.","PODRAVSKA","20 01 38","Non-hazardous Wood from Municipal Waste (20 01 38)","Municipal Waste",600.82,14.73,586.09,0
2019,"KOMUNALA SLOVENSKA BISTRICA podjetje za komunalne in druge storitve d.o.o.","PODRAVSKA","20 03 07","Bulky Municipal Waste (20 03 07)","Municipal Waste",25.95,0,25.95,0
2019,"KOMUNALA TREBNJE d.o.o.","JUGOVZHODNA SLOVENIJA","15 01 01","Paper and Cardboard Packaging (15 01 01)","Packaging Waste",128.66,0,128.66,0
2019,"KOMUNALA TREBNJE d.o.o.","JUGOVZHODNA SLOVENIJA","20 01 01","Paper and Cardboard from Municipal Waste (20 01 01)","Municipal Waste",86.28,0,86.28,0
2019,"KOMUNALA TREBNJE d.o.o.","JUGOVZHODNA SLOVENIJA","20 01 38","Non-hazardous Wood from Municipal Waste (20 01 38)","Municipal Waste",386.34,0,386.34,0
2019,"KOMUNALA TREBNJE d.o.o.","JUGOVZHODNA SLOVENIJA","20 03 07","Bulky Municipal Waste (20 03 07)","Municipal Waste",210.86,209.08,1.78,0
2019,"KOMUNALA TRŽIČ d.o.o.","GORENJSKA","15 01 01","Paper and Cardboard Packaging (15 01 01)","Packaging Waste",121.78,13.54,108.24,0
2019,"KOMUNALA TRŽIČ d.o.o.","GORENJSKA","20 01 01","Paper and Cardboard from Municipal Waste (20 01 01)","Municipal Waste",97.442,0,97.442,0
2019,"KOMUNALA TRŽIČ d.o.o.","GORENJSKA","20 01 38","Non-hazardous Wood from Municipal Waste (20 01 38)","Municipal Waste",225.9,0,225.9,0
2019,"KOMUNALA TRŽIČ d.o.o.","GORENJSKA","20 03 07","Bulky Municipal Waste (20 03 07)","Municipal Waste",494.14,0,494.14,0
2019,"KOMUNALA, javno podjetje, Kranjska Gora, d.o.o.","GORENJSKA","15 01 01","Paper and Cardboard Packaging (15 01 01)","Packaging Waste",121.205,0,121.205,0
2019,"KOMUNALA, javno podjetje, Kranjska Gora, d.o.o.","GORENJSKA","15 01 03","Wooden Packaging (15 01 03)","Packaging Waste",84.19,0,84.19,0
2019,"KOMUNALA, javno podjetje, Kranjska Gora, d.o.o.","GORENJSKA","20 01 01","Paper and Cardboard from Municipal Waste (20 01 01)","Municipal Waste",54.662,0,54.662,0
2019,"KOMUNALA, javno podjetje, Kranjska Gora, d.o.o.","GORENJSKA","20 01 38","Non-hazardous Wood from Municipal Waste (20 01 38)","Municipal Waste",9.34,0,9.34,0
2019,"KOMUNALA, javno podjetje, Kranjska Gora, d.o.o.","GORENJSKA","20 03 07","Bulky Municipal Waste (20 03 07)","Municipal Waste",293.54,0,293.54,0
2019,"KOMUNALNO PODJETJE ORMOŽ d.o.o.","PODRAVSKA","15 01 01","Paper and Cardboard Packaging (15 01 01)","Packaging Waste",118.974,0,118.974,0
2019,"KOMUNALNO PODJETJE ORMOŽ d.o.o.","PODRAVSKA","20 01 01","Paper and Cardboard from Municipal Waste (20 01 01)","Municipal Waste",116.326,0,116.326,0
2019,"KOMUNALNO PODJETJE ORMOŽ d.o.o.","PODRAVSKA","20 03 07","Bulky Municipal Waste (20 03 07)","Municipal Waste",262.48,0,262.48,0
2019,"KOMUNALNO PODJETJE PTUJ D.D.","PODRAVSKA","15 01 01","Paper and Cardboard Packaging (15 01 01)","Packaging Waste",102.125,0,102.125,0
2019,"KOMUNALNO PODJETJE PTUJ D.D.","PODRAVSKA","20 01 01","Paper and Cardboard from Municipal Waste (20 01 01)","Municipal Waste",266.984,0,266.984,0
2019,"KOMUNALNO PODJETJE PTUJ D.D.","PODRAVSKA","20 01 38","Non-hazardous Wood from Municipal Waste (20 01 38)","Municipal Waste",219.24,0,219.24,0
2019,"KOMUNALNO PODJETJE PTUJ D.D.","PODRAVSKA","20 03 07","Bulky Municipal Waste (20 03 07)","Municipal Waste",470.722,0,470.722,0
2019,"KOMUNALNO STANOVANJSKA DRUŽBA d.o.o. Ajdovščina","GORIŠKA","15 01 01","Paper and Cardboard Packaging (15 01 01)","Packaging Waste",241.305,0,241.305,0
2019,"KOMUNALNO STANOVANJSKA DRUŽBA d.o.o. Ajdovščina","GORIŠKA","15 01 03","Wooden Packaging (15 01 03)","Packaging Waste",8.32,0,8.32,0
2019,"KOMUNALNO STANOVANJSKA DRUŽBA d.o.o. Ajdovščina","GORIŠKA","20 01 01","Paper and Cardboard from Municipal Waste (20 01 01)","Municipal Waste",484.385,0,484.385,0
2019,"KOMUNALNO STANOVANJSKA DRUŽBA d.o.o. Ajdovščina","GORIŠKA","20 01 38","Non-hazardous Wood from Municipal Waste (20 01 38)","Municipal Waste",51.2,0,51.2,0
2019,"KOMUNALNO STANOVANJSKA DRUŽBA d.o.o. Ajdovščina","GORIŠKA","20 03 07","Bulky Municipal Waste (20 03 07)","Municipal Waste",344.669,0,344.669,0
2019,"KOMUNALNO STANOVANJSKO PODJETJE d.d.","OBALNO-KRAŠKA","15 01 01","Paper and Cardboard Packaging (15 01 01)","Packaging Waste",257.992,257.992,0,0
2019,"KOMUNALNO STANOVANJSKO PODJETJE d.d.","OBALNO-KRAŠKA","20 01 01","Paper and Cardboard from Municipal Waste (20 01 01)","Municipal Waste",674.212,674.212,0,0
2019,"KOMUNALNO STANOVANJSKO PODJETJE d.d.","OBALNO-KRAŠKA","20 01 38","Non-hazardous Wood from Municipal Waste (20 01 38)","Municipal Waste",277.08,0,277.08,0
2019,"KOMUNALNO STANOVANJSKO PODJETJE d.d.","OBALNO-KRAŠKA","20 03 07","Bulky Municipal Waste (20 03 07)","Municipal Waste",217.38,217.38,0,0
2019,"KOMUNALNO-STANOVANJSKO PODJETJE LJUTOMER d.o.o.","POMURSKA","15 01 01","Paper and Cardboard Packaging (15 01 01)","Packaging Waste",131.4,0,131.4,0
2019,"KOMUNALNO-STANOVANJSKO PODJETJE LJUTOMER d.o.o.","POMURSKA","20 01 01","Paper and Cardboard from Municipal Waste (20 01 01)","Municipal Waste",170.227,0,170.227,0
2019,"KOMUNALNO-STANOVANJSKO PODJETJE LJUTOMER d.o.o.","POMURSKA","20 01 38","Non-hazardous Wood from Municipal Waste (20 01 38)","Municipal Waste",79.52,0,79.52,0
2019,"KOMUNALNO-STANOVANJSKO PODJETJE LJUTOMER d.o.o.","POMURSKA","20 03 07","Bulky Municipal Waste (20 03 07)","Municipal Waste",1297.56,0,1297.56,0
2019,"KSP HRASTNIK Komunalno - stanovanjsko podjetje, d.d.","ZASAVSKA","15 01 01","Paper and Cardboard Packaging (15 01 01)","Packaging Waste",96.29,81.23,15.06,0
2019,"KSP HRASTNIK Komunalno - stanovanjsko podjetje, d.d.","ZASAVSKA","20 01 01","Paper and Cardboard from Municipal Waste (20 01 01)","Municipal Waste",52.42,52.42,0,0
2019,"KSP HRASTNIK Komunalno - stanovanjsko podjetje, d.d.","ZASAVSKA","20 03 07","Bulky Municipal Waste (20 03 07)","Municipal Waste",248.06,0,248.06,0
2019,"Komunala Tolmin, javno podjetje, d.o.o.","GORIŠKA","15 01 01","Paper and Cardboard Packaging (15 01 01)","Packaging Waste",316.378,0,316.378,0
2019,"Komunala Tolmin, javno podjetje, d.o.o.","GORIŠKA","20 01 01","Paper and Cardboard from Municipal Waste (20 01 01)","Municipal Waste",267.478,116.31,151.168,0
2019,"Komunala Tolmin, javno podjetje, d.o.o.","GORIŠKA","20 01 38","Non-hazardous Wood from Municipal Waste (20 01 38)","Municipal Waste",523.22,0,523.22,0
2019,"Komunala Tolmin, javno podjetje, d.o.o.","GORIŠKA","20 03 07","Bulky Municipal Waste (20 03 07)","Municipal Waste",227.03,0,227.03,0
2019,"Kostak, komunalno in gradbeno podjetje, d.d.","POSAVSKA","15 01 01","Paper and Cardboard Packaging (15 01 01)","Packaging Waste",610.1,0,610.1,0
2019,"Kostak, komunalno in gradbeno podjetje, d.d.","POSAVSKA","15 01 03","Wooden Packaging (15 01 03)","Packaging Waste",9.46,0,9.46,0
2019,"Kostak, komunalno in gradbeno podjetje, d.d.","POSAVSKA","20 01 01","Paper and Cardboard from Municipal Waste (20 01 01)","Municipal Waste",113.36,0,113.36,0
2019,"Kostak, komunalno in gradbeno podjetje, d.d.","POSAVSKA","20 01 38","Non-hazardous Wood from Municipal Waste (20 01 38)","Municipal Waste",906.103,0,906.103,0
2019,"Kostak, komunalno in gradbeno podjetje, d.d.","POSAVSKA","20 03 07","Bulky Municipal Waste (20 03 07)","Municipal Waste",340.64,0,340.64,0
2019,"LOŠKA KOMUNALA, oskrba z vodo in plinom, d.d., Škofja Loka","GORENJSKA","15 01 01","Paper and Cardboard Packaging (15 01 01)","Packaging Waste",359.42,0,359.42,0
2019,"LOŠKA KOMUNALA, oskrba z vodo in plinom, d.d., Škofja Loka","GORENJSKA","15 01 03","Wooden Packaging (15 01 03)","Packaging Waste",315.88,0,315.88,0
2019,"LOŠKA KOMUNALA, oskrba z vodo in plinom, d.d., Škofja Loka","GORENJSKA","17 02 01","Construction Wood Waste (17 02 01)","Construction/Demolition Waste",294.14,0,294.14,0
2019,"LOŠKA KOMUNALA, oskrba z vodo in plinom, d.d., Škofja Loka","GORENJSKA","20 01 01","Paper and Cardboard from Municipal Waste (20 01 01)","Municipal Waste",447.779,0,447.779,0
2019,"LOŠKA KOMUNALA, oskrba z vodo in plinom, d.d., Škofja Loka","GORENJSKA","20 03 07","Bulky Municipal Waste (20 03 07)","Municipal Waste",430.86,105.26,325.6,0
2019,"LUKA KOPER INPO - invalidsko podjetje, d.o.o., gradbeništvo, proizvodne in druge storitve v kopenskem in vodnem prometu, invalidska dejavnost.","OBALNO-KRAŠKA","03 01 05","Sawdust/Shavings/Cuttings (03 01 05)","Wood/Paper Production Waste",1274.31,0,213.78,1060.53
2019,"LUKA KOPER INPO - invalidsko podjetje, d.o.o., gradbeništvo, proizvodne in druge storitve v kopenskem in vodnem prometu, invalidska dejavnost.","OBALNO-KRAŠKA","15 01 01","Paper and Cardboard Packaging (15 01 01)","Packaging Waste",122.76,0,122.76,0
2019,"LUKA KOPER INPO - invalidsko podjetje, d.o.o., gradbeništvo, proizvodne in druge storitve v kopenskem in vodnem prometu, invalidska dejavnost.","OBALNO-KRAŠKA","15 01 03","Wooden Packaging (15 01 03)","Packaging Waste",464,0,464,0
2019,"LUKA KOPER INPO - invalidsko podjetje, d.o.o., gradbeništvo, proizvodne in druge storitve v kopenskem in vodnem prometu, invalidska dejavnost.","OBALNO-KRAŠKA","20 03 07","Bulky Municipal Waste (20 03 07)","Municipal Waste",59.02,37.42,21.6,0
2019,"METALIMPEX SLV, zbiranje, recikliranje in prodaja vseh vrst odpadkov, d.o.o.","JUGOVZHODNA SLOVENIJA","15 01 01","Paper and Cardboard Packaging (15 01 01)","Packaging Waste",20.524,0,20.524,0
2019,"METALIMPEX SLV, zbiranje, recikliranje in prodaja vseh vrst odpadkov, d.o.o.","JUGOVZHODNA SLOVENIJA","15 01 03","Wooden Packaging (15 01 03)","Packaging Waste",26.044,0,26.044,0
2019,"NATURA VePo družba za komunalne storitve d.o.o.","POMURSKA","20 01 01","Paper and Cardboard from Municipal Waste (20 01 01)","Municipal Waste",14.06,0,14.06,0
2019,"NATURA VePo družba za komunalne storitve d.o.o.","POMURSKA","20 01 38","Non-hazardous Wood from Municipal Waste (20 01 38)","Municipal Waste",4.28,0,4.28,0
2019,"NATURA VePo družba za komunalne storitve d.o.o.","POMURSKA","20 03 07","Bulky Municipal Waste (20 03 07)","Municipal Waste",10.56,0,10.56,0
2019,"OBČINA BLOKE","PRIMORSKO-NOTRANJSKA","15 01 01","Paper and Cardboard Packaging (15 01 01)","Packaging Waste",8.423,0,8.423,0
2019,"OBČINA BOHINJ","GORENJSKA","15 01 01","Paper and Cardboard Packaging (15 01 01)","Packaging Waste",46.592,0,46.592,0
2019,"OBČINA BOHINJ","GORENJSKA","20 01 01","Paper and Cardboard from Municipal Waste (20 01 01)","Municipal Waste",93.797,0,93.797,0
2019,"OBČINA BOHINJ","GORENJSKA","20 03 07","Bulky Municipal Waste (20 03 07)","Municipal Waste",292.9,0,292.9,0
2019,"OBČINA GORENJA VAS-POLJANE","GORENJSKA","15 01 01","Paper and Cardboard Packaging (15 01 01)","Packaging Waste",32.814,0,32.814,0
2019,"OBČINA GORENJA VAS-POLJANE","GORENJSKA","20 01 01","Paper and Cardboard from Municipal Waste (20 01 01)","Municipal Waste",88.44,0,88.44,0
2019,"OBČINA GORENJA VAS-POLJANE","GORENJSKA","20 01 38","Non-hazardous Wood from Municipal Waste (20 01 38)","Municipal Waste",78.58,0,78.58,0
2019,"OBČINA GORENJA VAS-POLJANE","GORENJSKA","20 03 07","Bulky Municipal Waste (20 03 07)","Municipal Waste",143.94,0,143.94,0
2019,"OBČINA ŽIRI","GORENJSKA","15 01 01","Paper and Cardboard Packaging (15 01 01)","Packaging Waste",29.394,17.42,11.974,0
2019,"OBČINA ŽIRI","GORENJSKA","20 01 01","Paper and Cardboard from Municipal Waste (20 01 01)","Municipal Waste",103.59,100.2,3.39,0
2019,"OBČINA ŽIRI","GORENJSKA","20 01 38","Non-hazardous Wood from Municipal Waste (20 01 38)","Municipal Waste",101.66,0,101.66,0
2019,"OBČINA ŽIRI","GORENJSKA","20 03 07","Bulky Municipal Waste (20 03 07)","Municipal Waste",156.46,0,156.46,0
2019,"OKP JAVNO PODJETJE ZA KOMUNALNE STORITVE Rogaška Slatina, d.o.o.","SAVINJSKA","15 01 01","Paper and Cardboard Packaging (15 01 01)","Packaging Waste",159.171,0,159.171,0
2019,"OKP JAVNO PODJETJE ZA KOMUNALNE STORITVE Rogaška Slatina, d.o.o.","SAVINJSKA","15 01 03","Wooden Packaging (15 01 03)","Packaging Waste",0.14,0,0.14,0
2019,"OKP JAVNO PODJETJE ZA KOMUNALNE STORITVE Rogaška Slatina, d.o.o.","SAVINJSKA","20 01 01","Paper and Cardboard from Municipal Waste (20 01 01)","Municipal Waste",245.789,0,245.789,0
2019,"OKP JAVNO PODJETJE ZA KOMUNALNE STORITVE Rogaška Slatina, d.o.o.","SAVINJSKA","20 01 38","Non-hazardous Wood from Municipal Waste (20 01 38)","Municipal Waste",70,0,70,0
2019,"OKP JAVNO PODJETJE ZA KOMUNALNE STORITVE Rogaška Slatina, d.o.o.","SAVINJSKA","20 03 07","Bulky Municipal Waste (20 03 07)","Municipal Waste",892.14,0,892.14,0
2019,"P.URŠIČ, družba za reciklažo, storitve in trgovino d.o.o.","PODRAVSKA","15 01 01","Paper and Cardboard Packaging (15 01 01)","Packaging Waste",58.8,0,58.8,0
2019,"P.URŠIČ, družba za reciklažo, storitve in trgovino d.o.o.","PODRAVSKA","15 01 03","Wooden Packaging (15 01 03)","Packaging Waste",38.88,0,38.88,0
2019,"PUBLIKUS gospodarjenje z odpadki d.o.o.","OSREDNJESLOVENSKA","15 01 01","Paper and Cardboard Packaging (15 01 01)","Packaging Waste",292.42,0,292.42,0
2019,"PUBLIKUS gospodarjenje z odpadki d.o.o.","OSREDNJESLOVENSKA","15 01 03","Wooden Packaging (15 01 03)","Packaging Waste",73.96,0,73.96,0
2019,"PUBLIKUS gospodarjenje z odpadki d.o.o.","OSREDNJESLOVENSKA","20 01 01","Paper and Cardboard from Municipal Waste (20 01 01)","Municipal Waste",503.3,0,503.3,0
2019,"PUBLIKUS gospodarjenje z odpadki d.o.o.","OSREDNJESLOVENSKA","20 01 38","Non-hazardous Wood from Municipal Waste (20 01 38)","Municipal Waste",129.3,0,129.3,0
2019,"PUBLIKUS gospodarjenje z odpadki d.o.o.","OSREDNJESLOVENSKA","20 03 07","Bulky Municipal Waste (20 03 07)","Municipal Waste",1188.86,0,1188.86,0
2019,"PUBLIKUS gospodarjenje z odpadki d.o.o.","PRIMORSKO-NOTRANJSKA","15 01 01","Paper and Cardboard Packaging (15 01 01)","Packaging Waste",472.88,0,472.88,0
2019,"PUBLIKUS gospodarjenje z odpadki d.o.o.","PRIMORSKO-NOTRANJSKA","15 01 03","Wooden Packaging (15 01 03)","Packaging Waste",6.63,0,6.63,0
2019,"PUBLIKUS gospodarjenje z odpadki d.o.o.","PRIMORSKO-NOTRANJSKA","20 01 01","Paper and Cardboard from Municipal Waste (20 01 01)","Municipal Waste",225.83,0,225.83,0
2019,"PUBLIKUS gospodarjenje z odpadki d.o.o.","PRIMORSKO-NOTRANJSKA","20 01 38","Non-hazardous Wood from Municipal Waste (20 01 38)","Municipal Waste",277.46,0,277.46,0
2019,"PUBLIKUS gospodarjenje z odpadki d.o.o.","PRIMORSKO-NOTRANJSKA","20 03 07","Bulky Municipal Waste (20 03 07)","Municipal Waste",777.01,0,777.01,0
2019,"PUP - SAUBERMACHER, podjetje za ravnanje z odpadki d.o.o.","SAVINJSKA","03 01 05","Sawdust/Shavings/Cuttings (03 01 05)","Wood/Paper Production Waste",48.1,0,48.1,0
2019,"PUP - SAUBERMACHER, podjetje za ravnanje z odpadki d.o.o.","SAVINJSKA","15 01 01","Paper and Cardboard Packaging (15 01 01)","Packaging Waste",302.987,0,302.987,0
2019,"PUP - SAUBERMACHER, podjetje za ravnanje z odpadki d.o.o.","SAVINJSKA","15 01 03","Wooden Packaging (15 01 03)","Packaging Waste",163.94,0,163.94,0
2019,"PUP - SAUBERMACHER, podjetje za ravnanje z odpadki d.o.o.","SAVINJSKA","17 02 01","Construction Wood Waste (17 02 01)","Construction/Demolition Waste",247.58,0,247.58,0
2019,"PUP - SAUBERMACHER, podjetje za ravnanje z odpadki d.o.o.","SAVINJSKA","20 01 01","Paper and Cardboard from Municipal Waste (20 01 01)","Municipal Waste",900.723,0,900.723,0
2019,"PUP - SAUBERMACHER, podjetje za ravnanje z odpadki d.o.o.","SAVINJSKA","20 01 38","Non-hazardous Wood from Municipal Waste (20 01 38)","Municipal Waste",1494.22,0,1494.22,0
2019,"PUP - SAUBERMACHER, podjetje za ravnanje z odpadki d.o.o.","SAVINJSKA","20 03 07","Bulky Municipal Waste (20 03 07)","Municipal Waste",800.4,0,800.4,0
2019,"REMATS Reciklaža materialov, trgovanje doma in na tujem d.o.o.","OSREDNJESLOVENSKA","15 01 01","Paper and Cardboard Packaging (15 01 01)","Packaging Waste",0.15,0,0.15,0
2019,"SALOMON d.o.o., podjetje za zaposlovanje invalidov, proizvodnjo, posredovanje in storitve Ljubljana","OSREDNJESLOVENSKA","15 01 01","Paper and Cardboard Packaging (15 01 01)","Packaging Waste",3480.489,120.2,3360.289,0
2019,"SALOMON d.o.o., podjetje za zaposlovanje invalidov, proizvodnjo, posredovanje in storitve Ljubljana","OSREDNJESLOVENSKA","15 01 03","Wooden Packaging (15 01 03)","Packaging Waste",1131.98,0,1131.98,0
2019,"SALOMON d.o.o., podjetje za zaposlovanje invalidov, proizvodnjo, posredovanje in storitve Ljubljana","OSREDNJESLOVENSKA","19 12 01","Paper and Cardboard from Waste Treatment (19 12 01)","Waste Treatment Residues",554.375,0,554.375,0
2019,"SALOMON d.o.o., podjetje za zaposlovanje invalidov, proizvodnjo, posredovanje in storitve Ljubljana","OSREDNJESLOVENSKA","20 01 01","Paper and Cardboard from Municipal Waste (20 01 01)","Municipal Waste",354.731,1.34,260.207,93.184
2019,"SALOMON d.o.o., podjetje za zaposlovanje invalidov, proizvodnjo, posredovanje in storitve Ljubljana","OSREDNJESLOVENSKA","20 01 38","Non-hazardous Wood from Municipal Waste (20 01 38)","Municipal Waste",0.3,0,0.3,0
2019,"SAUBERMACHER - KOMUNALA - podjetje za odstranjevanje odpadkov Murska Sobota d.o.o.","POMURSKA","15 01 01","Paper and Cardboard Packaging (15 01 01)","Packaging Waste",288.66,0,288.66,0
2019,"SAUBERMACHER - KOMUNALA - podjetje za odstranjevanje odpadkov Murska Sobota d.o.o.","POMURSKA","20 01 01","Paper and Cardboard from Municipal Waste (20 01 01)","Municipal Waste",1301.941,0,1301.941,0
2019,"SAUBERMACHER - KOMUNALA - podjetje za odstranjevanje odpadkov Murska Sobota d.o.o.","POMURSKA","20 01 38","Non-hazardous Wood from Municipal Waste (20 01 38)","Municipal Waste",573.46,0,573.46,0
2019,"SAUBERMACHER - KOMUNALA - podjetje za odstranjevanje odpadkov Murska Sobota d.o.o.","POMURSKA","20 03 07","Bulky Municipal Waste (20 03 07)","Municipal Waste",1681.44,0,1681.44,0
2019,"SAUBERMACHER SLOVENIJA storitve pri varstvu okolja, trgovina in transport d.o.o.","PODRAVSKA","03 01 05","Sawdust/Shavings/Cuttings (03 01 05)","Wood/Paper Production Waste",30.92,0,0,30.92
2019,"SAUBERMACHER SLOVENIJA storitve pri varstvu okolja, trgovina in transport d.o.o.","PODRAVSKA","15 01 01","Paper and Cardboard Packaging (15 01 01)","Packaging Waste",542.931,13.23,529.701,0
2019,"SAUBERMACHER SLOVENIJA storitve pri varstvu okolja, trgovina in transport d.o.o.","PODRAVSKA","15 01 03","Wooden Packaging (15 01 03)","Packaging Waste",842.8,121.98,508.063,212.757
2019,"SAUBERMACHER SLOVENIJA storitve pri varstvu okolja, trgovina in transport d.o.o.","PODRAVSKA","17 02 01","Construction Wood Waste (17 02 01)","Construction/Demolition Waste",120.58,0,120.58,0
2019,"SAUBERMACHER SLOVENIJA storitve pri varstvu okolja, trgovina in transport d.o.o.","PODRAVSKA","19 12 07","Wood Waste from Treatment (not 19 12 06) (19 12 07)","Waste Treatment Residues",1.31,0,1.31,0
2019,"SAUBERMACHER SLOVENIJA storitve pri varstvu okolja, trgovina in transport d.o.o.","PODRAVSKA","20 01 01","Paper and Cardboard from Municipal Waste (20 01 01)","Municipal Waste",183.002,0,183.002,0
2019,"SAUBERMACHER SLOVENIJA storitve pri varstvu okolja, trgovina in transport d.o.o.","PODRAVSKA","20 01 38","Non-hazardous Wood from Municipal Waste (20 01 38)","Municipal Waste",715.348,0,715.348,0
2019,"SAUBERMACHER SLOVENIJA storitve pri varstvu okolja, trgovina in transport d.o.o.","PODRAVSKA","20 03 07","Bulky Municipal Waste (20 03 07)","Municipal Waste",2790.29,0,2790.29,0
2019,"SAUBERMACHER SLOVENIJA storitve pri varstvu okolja, trgovina in transport d.o.o.","POMURSKA","20 01 38","Non-hazardous Wood from Municipal Waste (20 01 38)","Municipal Waste",49.4,0,49.4,0
2019,"SIMBIO, družba za ravnanje z odpadki d.o.o.","SAVINJSKA","03 01 05","Sawdust/Shavings/Cuttings (03 01 05)","Wood/Paper Production Waste",12.4,12.4,0,0
2019,"SIMBIO, družba za ravnanje z odpadki d.o.o.","SAVINJSKA","15 01 01","Paper and Cardboard Packaging (15 01 01)","Packaging Waste",626.909,0,626.909,0
2019,"SIMBIO, družba za ravnanje z odpadki d.o.o.","SAVINJSKA","20 01 01","Paper and Cardboard from Municipal Waste (20 01 01)","Municipal Waste",1942.451,0,1942.451,0
2019,"SIMBIO, družba za ravnanje z odpadki d.o.o.","SAVINJSKA","20 01 38","Non-hazardous Wood from Municipal Waste (20 01 38)","Municipal Waste",958.957,0,958.957,0
2019,"SIMBIO, družba za ravnanje z odpadki d.o.o.","SAVINJSKA","20 03 07","Bulky Municipal Waste (20 03 07)","Municipal Waste",7092.546,0,7092.546,0
2019,"SNAGA Javno podjetje d.o.o.","OSREDNJESLOVENSKA","15 01 01","Paper and Cardboard Packaging (15 01 01)","Packaging Waste",522.647,0,522.647,0
2019,"SNAGA Javno podjetje d.o.o.","OSREDNJESLOVENSKA","15 01 03","Wooden Packaging (15 01 03)","Packaging Waste",66.18,0,66.18,0
2019,"SNAGA Javno podjetje d.o.o.","OSREDNJESLOVENSKA","20 01 01","Paper and Cardboard from Municipal Waste (20 01 01)","Municipal Waste",3002.223,2224.12,778.103,0
2019,"SNAGA Javno podjetje d.o.o.","OSREDNJESLOVENSKA","20 01 38","Non-hazardous Wood from Municipal Waste (20 01 38)","Municipal Waste",1653.52,0,1653.52,0
2019,"SNAGA Javno podjetje d.o.o.","OSREDNJESLOVENSKA","20 03 07","Bulky Municipal Waste (20 03 07)","Municipal Waste",2070.46,0,2070.46,0
2019,"SNAGA, družba za ravnanje z odpadki in druge komunalne storitve, d.o.o.","PODRAVSKA","15 01 01","Paper and Cardboard Packaging (15 01 01)","Packaging Waste",707.671,0,707.671,0
2019,"SNAGA, družba za ravnanje z odpadki in druge komunalne storitve, d.o.o.","PODRAVSKA","15 01 03","Wooden Packaging (15 01 03)","Packaging Waste",60.08,0,60.08,0
2019,"SNAGA, družba za ravnanje z odpadki in druge komunalne storitve, d.o.o.","PODRAVSKA","20 01 01","Paper and Cardboard from Municipal Waste (20 01 01)","Municipal Waste",3427.3,0,3427.3,0
2019,"SNAGA, družba za ravnanje z odpadki in druge komunalne storitve, d.o.o.","PODRAVSKA","20 01 38","Non-hazardous Wood from Municipal Waste (20 01 38)","Municipal Waste",4453.2,423.78,0,4029.42
2019,"SNAGA, družba za ravnanje z odpadki in druge komunalne storitve, d.o.o.","PODRAVSKA","20 03 07","Bulky Municipal Waste (20 03 07)","Municipal Waste",3109.58,0,3109.58,0
2019,"Surovina, družba za predelavo odpadkov d.o.o.","PODRAVSKA","20 01 38","Non-hazardous Wood from Municipal Waste (20 01 38)","Municipal Waste",423.78,0,423.78,0
2019,"Surovina, družba za predelavo odpadkov d.o.o.","SAVINJSKA","15 01 01","Paper and Cardboard Packaging (15 01 01)","Packaging Waste",2014.859,0,2014.859,0
2019,"Surovina, družba za predelavo odpadkov d.o.o.","SAVINJSKA","15 01 03","Wooden Packaging (15 01 03)","Packaging Waste",1784.323,0,1784.323,0
2019,"Surovina, družba za predelavo odpadkov d.o.o.","SAVINJSKA","17 02 01","Construction Wood Waste (17 02 01)","Construction/Demolition Waste",3.37,0,3.37,0
2019,"Surovina, družba za predelavo odpadkov d.o.o.","SAVINJSKA","19 12 01","Paper and Cardboard from Waste Treatment (19 12 01)","Waste Treatment Residues",103.475,0,103.475,0
2019,"Surovina, družba za predelavo odpadkov d.o.o.","SAVINJSKA","20 01 01","Paper and Cardboard from Municipal Waste (20 01 01)","Municipal Waste",66.97,0,66.97,0
2019,"TP METAL, odkup in prodaja odpadnih surovin, d.o.o.","OSREDNJESLOVENSKA","15 01 01","Paper and Cardboard Packaging (15 01 01)","Packaging Waste",0.74,0,0.74,0
2019,"TSD, trgovina in druge storitve, d.o.o.","PODRAVSKA","15 01 01","Paper and Cardboard Packaging (15 01 01)","Packaging Waste",45.74,0,45.74,0
2019,"TSD, trgovina in druge storitve, d.o.o.","PODRAVSKA","17 02 01","Construction Wood Waste (17 02 01)","Construction/Demolition Waste",6.04,0,6.04,0
2019,"TSD, trgovina in druge storitve, d.o.o.","PODRAVSKA","20 01 01","Paper and Cardboard from Municipal Waste (20 01 01)","Municipal Waste",16,0,16,0
2019,"TSD, trgovina in druge storitve, d.o.o.","PODRAVSKA","20 01 38","Non-hazardous Wood from Municipal Waste (20 01 38)","Municipal Waste",5.2,5.2,0,0
2019,"TSD, trgovina in druge storitve, d.o.o.","PODRAVSKA","20 03 07","Bulky Municipal Waste (20 03 07)","Municipal Waste",38.66,0,38.66,0
2019,"VAUKAN posredništvo, trgovina in storitve d.o.o.","SAVINJSKA","15 01 01","Paper and Cardboard Packaging (15 01 01)","Packaging Waste",0.85,0,0.85,0
2019,"ZOLTAN, proizvodnja, trgovina in storitve, d.o.o.","GORENJSKA","19 12 01","Paper and Cardboard from Waste Treatment (19 12 01)","Waste Treatment Residues",15.561,0,15.561,0
2019,"ČISTO MESTO PTUJ podjetje za gospodarjenje z odpadki d.o.o.","PODRAVSKA","15 01 01","Paper and Cardboard Packaging (15 01 01)","Packaging Waste",263.808,0,263.808,0
2019,"ČISTO MESTO PTUJ podjetje za gospodarjenje z odpadki d.o.o.","PODRAVSKA","20 01 01","Paper and Cardboard from Municipal Waste (20 01 01)","Municipal Waste",675.962,42.231,633.731,0
2019,"ČISTO MESTO PTUJ podjetje za gospodarjenje z odpadki d.o.o.","PODRAVSKA","20 01 38","Non-hazardous Wood from Municipal Waste (20 01 38)","Municipal Waste",382.689,35.655,347.034,0
2019,"ČISTO MESTO PTUJ podjetje za gospodarjenje z odpadki d.o.o.","PODRAVSKA","20 03 07","Bulky Municipal Waste (20 03 07)","Municipal Waste",1029.638,0,1029.638,0
