year,statistical_region,type_of_waste,total_waste_collected,waste_from_producers_no_record,waste_from_producers_with_record,waste_from_collectors_RS,waste_from_processors_RS
2016,GORENJSKA,Paper/Cardboard Packaging,1419.6090000000002,1288.507,94.913,4.817,31.372
2016,GORENJSKA,Wood,202.23,202.23,0,0,0
2016,GORENJSKA,Other Wood Waste,1902.47,1902.47,0,0,0
2016,GORENJSKA,Wooden Packaging,264.75,178.03,86.72,0,0
2016,GORIŠKA,Paper/Cardboard Packaging,887.008,728.884,158.124,0,0
2016,GORIŠKA,Sawdust and Wood Cuttings,14.64,0,14.64,0,0
2016,GORIŠKA,Wood,226.325,5.5,220.825,0,0
2016,GORIŠKA,Other Wood Waste,1667.99,1662.09,5.9,0,0
2016,GORIŠKA,Wooden Packaging,159.56199999999998,131.802,27.76,0,0
2016,JUGOVZHODNA SLOVENIJA,Paper/Cardboard Packaging,1158.071,1044.914,59.287,0,53.87
2016,JUGOVZHODNA SLOVENIJA,Sawdust and Wood Cuttings,1224.884,127.67,335.584,127.67,633.96
2016,JUGOVZHODNA SLOVENIJA,Waste Bark and Cork,0.061,0,0.061,0,0
2016,JUGOVZHODNA SLOVENIJA,Wood,95.613,0,95.613,0,0
2016,JUGOVZHODNA SLOVENIJA,Other Wood Waste,1673.611,1166.412,423.734,72.995,10.47
2016,JUGOVZHODNA SLOVENIJA,Wooden Packaging,496.135,196.251,257.147,13.007,29.73
2016,KOROŠKA,Paper/Cardboard Packaging,1269.289,74.087,999.956,0,195.246
2016,KOROŠKA,Wood,22,0,22,0,0
2016,KOROŠKA,Wooden Packaging,596.04,0,596.04,0,0
2016,OBALNO-KRAŠKA,Paper/Cardboard Packaging,1346.12,1153.601,192.519,0,0
2016,OBALNO-KRAŠKA,Sawdust and Wood Cuttings,1861.8,0,1861.8,0,0
2016,OBALNO-KRAŠKA,Other Wood Waste,2833.789,2824.629,9.16,0,0
2016,OBALNO-KRAŠKA,Wooden Packaging,289.79999999999995,0,273.02,16.78,0
2016,OSREDNJESLOVENSKA,Paper/Cardboard Packaging,18462.074,3601.995,12134.439,1111.843,1613.797
2016,OSREDNJESLOVENSKA,Wood,6.9799999999999995,5.3,1.68,0,0
2016,OSREDNJESLOVENSKA,Other Wood Waste,4971.764,4770.387,201.377,0,0
2016,OSREDNJESLOVENSKA,Wooden Packaging,2021.851,227.94,1589.525,201.606,2.78
2016,PODRAVSKA,Paper/Cardboard Packaging,3868.783,1657.864,2167.872,43.047,0
2016,PODRAVSKA,Wood,496.764,0,496.764,0,0
2016,PODRAVSKA,Other Wood Waste,4802.0380000000005,4503.948,265.05,0,33.04
2016,PODRAVSKA,Wooden Packaging,196.716,30.96,165.756,0,0
2016,POMURSKA,Paper/Cardboard Packaging,535.304,392.787,100.057,23.68,18.78
2016,POMURSKA,Wood,85.44,0,85.44,0,0
2016,POMURSKA,Other Wood Waste,254.46,254.46,0,0,0
2016,POMURSKA,Wooden Packaging,21.658,0,21.658,0,0
2016,POSAVSKA,Miscellaneous Waste,23.04,0,23.04,0,0
2016,POSAVSKA,Paper/Cardboard Packaging,1402.229,830.168,511.564,40.58,19.917
2016,POSAVSKA,Other Wood Waste,628.06,619.92,8.14,0,0
2016,POSAVSKA,Wooden Packaging,123.268,30.284,92.984,0,0
2016,PRIMORSKO-NOTRANJSKA,Paper/Cardboard Packaging,293.35200000000003,167.556,125.796,0,0
2016,PRIMORSKO-NOTRANJSKA,Wood,2.48,0,1.24,1.24,0
2016,PRIMORSKO-NOTRANJSKA,Other Wood Waste,577.1899999999999,551.56,25.63,0,0
2016,SAVINJSKA,Paper/Cardboard Packaging,2053.646,1499.13,189.432,6.96,358.124
2016,SAVINJSKA,Sawdust and Wood Cuttings,4.5,0,4.5,0,0
2016,SAVINJSKA,Wood,89.24,5.44,83.8,0,0
2016,SAVINJSKA,Other Wood Waste,1784.532,1784.532,0,0,0
2016,SAVINJSKA,Wooden Packaging,171.157,128.275,42.882,0,0
2016,ZASAVSKA,Paper/Cardboard Packaging,1498.436,476.331,848.228,173.877,0
2016,ZASAVSKA,Other Wood Waste,553.1,521,32.1,0,0
2016,ZASAVSKA,Wooden Packaging,124.87,0,124.87,0,0
2016,NA,Paper/Cardboard Packaging,0.14,0,0.14,0,0
2016,NA,Wood,1.55,0,1.55,0,0
2016,NA,Other Wood Waste,0.077,0,0.077,0,0
2016,NA,Wooden Packaging,123.89,0,123.89,0,0
2017,GORENJSKA,Paper/Cardboard Packaging,1602.151,1600.306,1.845,0,0
2017,GORENJSKA,Wood,497.47,497.47,0,0,0
2017,GORENJSKA,Other Wood Waste,3079.95,3079.95,0,0,0
2017,GORENJSKA,Wooden Packaging,104.67,26.99,77.68,0,0
2017,GORIŠKA,Paper/Cardboard Packaging,1294.869,1114.866,180.003,0,0
2017,GORIŠKA,Sawdust and Wood Cuttings,15.3,0,15.3,0,0
2017,GORIŠKA,Wood,168.41,0,168.41,0,0
2017,GORIŠKA,Other Wood Waste,3074.27,3061.07,13.2,0,0
2017,GORIŠKA,Wooden Packaging,191.149,143.149,48,0,0
2017,JUGOVZHODNA SLOVENIJA,Bark and Cork Waste,0.079,0,0.079,0,0
2017,JUGOVZHODNA SLOVENIJA,Paper/Cardboard Packaging,2620.478,1057.218,1557.17,0,6.09
2017,JUGOVZHODNA SLOVENIJA,Sawdust and Wood Cuttings,2986.443,115.87,1.54,154.81,2714.223
2017,JUGOVZHODNA SLOVENIJA,Wood,103.216,0,103.216,0,0
2017,JUGOVZHODNA SLOVENIJA,Other Wood Waste,1385.316,1240.056,144.14,0,1.12
2017,JUGOVZHODNA SLOVENIJA,Wooden Packaging,84.324,26.604,16.95,0,40.77
2017,KOROŠKA,Paper/Cardboard Packaging,1099.623,211.637,613.228,0,274.758
2017,KOROŠKA,Wood,16,0,16,0,0
2017,KOROŠKA,Wooden Packaging,516.88,0,495.674,21.206,0
2017,OBALNO-KRAŠKA,Paper/Cardboard Packaging,1544.866,1344.119,200.747,0,0
2017,OBALNO-KRAŠKA,Sawdust and Wood Cuttings,1881.2,0,1881.2,0,0
2017,OBALNO-KRAŠKA,Other Wood Waste,3625.7,3603.389,22.311,0,0
2017,OBALNO-KRAŠKA,Wooden Packaging,509.92,13.12,383.563,113.237,0
2017,OSREDNJESLOVENSKA,Paper/Cardboard Packaging,29773.93,4032.83,16476.071,3726.67,5538.359
2017,OSREDNJESLOVENSKA,Wood,47.598,29.76,17.838,0,0
2017,OSREDNJESLOVENSKA,Other Wood Waste,7557.811000000001,7117.421,282.26,158.13,0
2017,OSREDNJESLOVENSKA,Wooden Packaging,5943.823,640.339,4285.014,136.57,881.9
2017,PODRAVSKA,Paper/Cardboard Packaging,2449.819,1663.131,786.688,0,0
2017,PODRAVSKA,Sawdust and Wood Cuttings,8.22,0,8.22,0,0
2017,PODRAVSKA,Wood,286.59,0,286.59,0,0
2017,PODRAVSKA,Other Wood Waste,5948.1089999999995,5537.022,390.417,20.67,0
2017,PODRAVSKA,Wooden Packaging,1221.074,30.48,1190.594,0,0
2017,POMURSKA,Paper/Cardboard Packaging,619.317,477.137,99.552,42.628,0
2017,POMURSKA,Wood,74.3,0,74.3,0,0
2017,POMURSKA,Other Wood Waste,405.92,403.58,2.34,0,0
2017,POMURSKA,Wooden Packaging,12.816,0,12.816,0,0
2017,POSAVSKA,Paper/Cardboard Packaging,1050.566,716.075,315.671,18.82,0
2017,POSAVSKA,Sawdust and Wood Cuttings,119.63,0,119.63,0,0
2017,POSAVSKA,Other Wood Waste,596.66,516.4,80.26,0,0
2017,POSAVSKA,Wooden Packaging,275.375,113.38,161.995,0,0
2017,PRIMORSKO-NOTRANJSKA,Paper/Cardboard Packaging,608.375,234.93,373.445,0,0
2017,PRIMORSKO-NOTRANJSKA,Other Wood Waste,460.52,421.82,38.7,0,0
2017,PRIMORSKO-NOTRANJSKA,Wooden Packaging,1.03,0,1.03,0,0
2017,SAVINJSKA,Paper/Cardboard Packaging,1291.868,1120.222,122.946,0,48.7
2017,SAVINJSKA,Sawdust and Wood Cuttings,17.759999999999998,11.5,6.26,0,0
2017,SAVINJSKA,Wood,167.584,5.16,162.424,0,0
2017,SAVINJSKA,Other Wood Waste,3058.196,3058.196,0,0,0
2017,SAVINJSKA,Wooden Packaging,305.51099999999997,0.07,305.441,0,0
2017,ZASAVSKA,Paper/Cardboard Packaging,961.845,281.526,583.393,96.926,0
2017,ZASAVSKA,Sawdust and Wood Cuttings,38.94,0,0,38.94,0
2017,ZASAVSKA,Other Wood Waste,622.44,601.21,21.23,0,0
2017,ZASAVSKA,Wooden Packaging,192.66,0.34,184.077,8.243,0
2018,GORENJSKA,Paper/Cardboard Packaging,1649.483,1649.483,0,0,0
2018,GORENJSKA,Wood,510.21,510.21,0,0,0
2018,GORENJSKA,Other Wood Waste,2759.58,2759.58,0,0,0
2018,GORENJSKA,Wooden Packaging,157.96,41,116.96,0,0
2018,GORIŠKA,Paper/Cardboard Packaging,1336.902,1145.87,191.032,0,0
2018,GORIŠKA,Sawdust and Wood Cuttings,18.16,0,18.16,0,0
2018,GORIŠKA,Wood,310.035,1.1,308.935,0,0
2018,GORIŠKA,Other Wood Waste,2804.8,2768.79,36.01,0,0
2018,GORIŠKA,Wooden Packaging,193.326,154.086,39.24,0,0
2018,JUGOVZHODNA SLOVENIJA,Bark and Cork Waste,0.012,0,0.012,0,0
2018,JUGOVZHODNA SLOVENIJA,Paper/Cardboard Packaging,1225.055,1100.244,114.821,0,9.99
2018,JUGOVZHODNA SLOVENIJA,Sawdust and Wood Cuttings,4662.291,0,49.11,186.56,4426.621
2018,JUGOVZHODNA SLOVENIJA,Wood,142.428,0,142.428,0,0
2018,JUGOVZHODNA SLOVENIJA,Other Wood Waste,2379.694,2352.984,23.88,0,2.83
2018,JUGOVZHODNA SLOVENIJA,Wooden Packaging,204.788,124.09,25.958,0,54.74
2018,KOROŠKA,Paper/Cardboard Packaging,1402.57,284.198,770.741,6.04,341.591
2018,KOROŠKA,Wood,27.72,0,27.72,0,0
2018,KOROŠKA,Other Wood Waste,2.28,0,2.28,0,0
2018,KOROŠKA,Wooden Packaging,414.76,0,249.574,0,165.186
2018,OBALNO-KRAŠKA,Paper/Cardboard Packaging,1409.84,1194.727,215.113,0,0
2018,OBALNO-KRAŠKA,Sawdust and Wood Cuttings,1665.15,0,1665.15,0,0
2018,OBALNO-KRAŠKA,Other Wood Waste,3485.09,3462.785,22.305,0,0
2018,OBALNO-KRAŠKA,Wooden Packaging,501.55,16.95,457.36,27.24,0
2018,OSREDNJESLOVENSKA,Paper/Cardboard Packaging,26595.982,4050.578,16781.229,3173.034,2591.141
2018,OSREDNJESLOVENSKA,Sawdust and Wood Cuttings,630.38,0,630.38,0,0
2018,OSREDNJESLOVENSKA,Wood,760.17,5.18,390.75,364.24,0
2018,OSREDNJESLOVENSKA,Other Wood Waste,17047.93,7661.872,3889.728,2828.29,2668.04
2018,OSREDNJESLOVENSKA,Wooden Packaging,8853.457,295.899,6007.838,506.06,2043.66
2018,PODRAVSKA,Paper/Cardboard Packaging,2492.778,1768.709,724.069,0,0
2018,PODRAVSKA,Sawdust and Wood Cuttings,15.23,0,15.23,0,0
2018,PODRAVSKA,Wood,198.78,65.88,124.62,8.28,0
2018,PODRAVSKA,Other Wood Waste,7448.349,7062.026,371.686,14.637,0
2018,PODRAVSKA,Wooden Packaging,956.047,131.474,824.573,0,0
2018,POMURSKA,Paper/Cardboard Packaging,643.694,486.672,157.022,0,0
2018,POMURSKA,Wood,60.68,0,60.68,0,0
2018,POMURSKA,Other Wood Waste,519.97,436.02,35.81,0,48.14
2018,POMURSKA,Wooden Packaging,34.747,0,34.747,0,0
2018,POSAVSKA,Paper/Cardboard Packaging,1412.868,816.476,567.292,28.9,0.2
2018,POSAVSKA,Sawdust and Wood Cuttings,324.804,0,66.18,0,258.624
2018,POSAVSKA,Other Wood Waste,1011.339,517.35,493.989,0,0
2018,POSAVSKA,Wooden Packaging,341.258,143.34,197.918,0,0
2018,PRIMORSKO-NOTRANJSKA,Paper/Cardboard Packaging,321.43,177.771,143.659,0,0
2018,PRIMORSKO-NOTRANJSKA,Wood,10.2,0.4,9.8,0,0
2018,PRIMORSKO-NOTRANJSKA,Other Wood Waste,800.17,750.98,49.19,0,0
2018,PRIMORSKO-NOTRANJSKA,Wooden Packaging,1.87,0,1.87,0,0
2018,SAVINJSKA,Paper/Cardboard Packaging,1332.356,1228.806,103.55,0,0
2018,SAVINJSKA,Sawdust and Wood Cuttings,84.68,0,73.18,11.5,0
2018,SAVINJSKA,Wood,276.8,0,250.5,0,26.3
2018,SAVINJSKA,Other Wood Waste,2232.847,2232.847,0,0,0
2018,SAVINJSKA,Wooden Packaging,204.699,0.12,204.579,0,0
2018,ZASAVSKA,Paper/Cardboard Packaging,955.454,266.68,626.099,62.675,0
2018,ZASAVSKA,Other Wood Waste,753.838,746.22,7.618,0,0
2018,ZASAVSKA,Wooden Packaging,271.45,0.38,245.606,0,25.464
2019,GORENJSKA,Paper/Cardboard Packaging,1800.374,1800.374,0,0,0
2019,GORENJSKA,Wood,294.14,294.14,0,0,0
2019,GORENJSKA,Other Wood Waste,3232.89,3227.27,5.62,0,0
2019,GORENJSKA,Wooden Packaging,419.649,293.369,126.28,0,0
2019,GORIŠKA,Paper/Cardboard Packaging,1716.861,1217.991,498.87,0,0
2019,GORIŠKA,Sawdust and Wood Cuttings,19.06,0,19.06,0,0
2019,GORIŠKA,Wood,156.16,0.375,155.785,0,0
2019,GORIŠKA,Other Wood Waste,2579.8,2540.42,39.38,0,0
2019,GORIŠKA,Wooden Packaging,177.708,17.328,160.38,0,0
2019,JUGOVZHODNA SLOVENIJA,Paper/Cardboard Packaging,3732.262,1405.736,2314.016,0,12.51
2019,JUGOVZHODNA SLOVENIJA,Sawdust and Wood Cuttings,4168.5,0,83.02,252.16,3833.32
2019,JUGOVZHODNA SLOVENIJA,Waste Bark and Cork,0.107,0,0.107,0,0
2019,JUGOVZHODNA SLOVENIJA,Wood,106.841,0,106.841,0,0
2019,JUGOVZHODNA SLOVENIJA,Other Wood Waste,2799.79,2779.34,19.48,0,0.97
2019,JUGOVZHODNA SLOVENIJA,Wooden Packaging,93.176,0,31.596,0,61.58
2019,KOROŠKA,Paper/Cardboard Packaging,1605.333,396.324,897.11,34.38,277.519
2019,KOROŠKA,Sawdust and Wood Cuttings,21.94,0,0,0,21.94
2019,KOROŠKA,Wood,59.08,0,59.08,0,0
2019,KOROŠKA,Other Wood Waste,5.08,0,5.08,0,0
2019,KOROŠKA,Wooden Packaging,486.24,0,300.3,0,185.94
2019,OBALNO-KRAŠKA,Paper/Cardboard Packaging,1612.752,1435.251,177.501,0,0
2019,OBALNO-KRAŠKA,Sawdust and Wood Cuttings,1235.9,0,1235.9,0,0
2019,OBALNO-KRAŠKA,Other Wood Waste,3626.91,3599.14,27.77,0,0
2019,OBALNO-KRAŠKA,Wooden Packaging,434.98,11,423.98,0,0
2019,OSREDNJESLOVENSKA,Paper/Cardboard Packaging,13121.687,4179.871,8896.886,23.55,21.38
2019,OSREDNJESLOVENSKA,Wood,687.985,1.48,686.505,0,0
2019,OSREDNJESLOVENSKA,Other Wood Waste,10002.403,9891.311,111.092,0,0
2019,OSREDNJESLOVENSKA,Wooden Packaging,3516.637,267.64,3123.565,82.052,43.38
2019,PODRAVSKA,Paper/Cardboard Packaging,2460.563,1753.999,706.564,0,0
2019,PODRAVSKA,Sawdust and Wood Cuttings,35.11,0,24.99,10.12,0
2019,PODRAVSKA,Wood,215.3,0,209.26,6.04,0
2019,PODRAVSKA,Other Wood Waste,8894.363,7917.458,512.27,464.635,0
2019,PODRAVSKA,Wooden Packaging,959.07,47.95,911.12,0,0
2019,POMURSKA,Paper/Cardboard Packaging,801.376,587.187,163.429,0,50.76
2019,POMURSKA,Wood,45.48,0,45.48,0,0
2019,POMURSKA,Other Wood Waste,893.31,810.87,5.3,0,77.14
2019,POMURSKA,Wooden Packaging,81.756,0,81.756,0,0
2019,POSAVSKA,Paper/Cardboard Packaging,1650.165,958.33,665.795,26.04,0
2019,POSAVSKA,Sawdust and Wood Cuttings,241.496,0,50.77,0,190.726
2019,POSAVSKA,Wood,7.92,0,7.92,0,0
2019,POSAVSKA,Other Wood Waste,1237.597,818.583,419.014,0,0
2019,POSAVSKA,Wooden Packaging,279.581,10.78,262.361,6.44,0
2019,PRIMORSKO-NOTRANJSKA,Paper/Cardboard Packaging,718.479,318.276,400.203,0,0
2019,PRIMORSKO-NOTRANJSKA,Other Wood Waste,917.62,869.33,48.29,0,0
2019,PRIMORSKO-NOTRANJSKA,Wooden Packaging,61.95,55.32,6.63,0,0
2019,SAVINJSKA,Paper/Cardboard Packaging,3507.581,1415.974,1972.787,118.82,0
2019,SAVINJSKA,Sawdust and Wood Cuttings,54.94,0,42.54,12.4,0
2019,SAVINJSKA,Wood,329.49,0,327.67,0,1.82
2019,SAVINJSKA,Other Wood Waste,2474.509,2474.509,0,0,0
2019,SAVINJSKA,Wooden Packaging,2131.343,0.14,2131.203,0,0
2019,ZASAVSKA,Paper/Cardboard Packaging,1003.466,319.63,646.809,37.027,0
2019,ZASAVSKA,Other Wood Waste,887.81,886.1,1.71,0,0
2019,ZASAVSKA,Wooden Packaging,287.7,1.1,264.37,0.26,21.97
2020,GORENJSKA,Paper/Cardboard Packaging,1829.875,1829.755,0.12,0,0
2020,GORENJSKA,Wooden Packaging,67.88,67.88,0,0,0
2020,GORENJSKA,Wood,582.12,570.22,11.9,0,0
2020,GORENJSKA,Other Wood Waste,3748.38,3738.65,9.73,0,0
2020,GORIŠKA,Sawdust and Wood Cuttings,30,0,30,0,0
2020,GORIŠKA,Paper/Cardboard Packaging,1640.246,1244.382,395.864,0,0
2020,GORIŠKA,Wooden Packaging,156.186,54.806,101.38,0,0
2020,GORIŠKA,Wood,182.708,2.59,180.118,0,0
2020,GORIŠKA,Other Wood Waste,2849.135,2758.42,90.715,0,0
2020,JUGOVZHODNA SLOVENIJA,Sawdust and Wood Cuttings,4083.253,2.4,122.153,65.9,3892.8
2020,JUGOVZHODNA SLOVENIJA,Paper/Cardboard Packaging,1827.862,1743.343,66.919,0,17.6
2020,JUGOVZHODNA SLOVENIJA,Wooden Packaging,86.84,0,3.33,0,83.51
2020,JUGOVZHODNA SLOVENIJA,Wood,22.343,1.098,21.245,0,0
2020,JUGOVZHODNA SLOVENIJA,Other Wood Waste,2706.21,2706.21,0,0,0
2020,KOROŠKA,Sawdust and Wood Cuttings,53.12,0,0,53.12,0
2020,KOROŠKA,Paper/Cardboard Packaging,1410.57,481.396,804.41,97.16,27.604
2020,KOROŠKA,Wooden Packaging,354.78,0,351.32,3.46,0
2020,KOROŠKA,Wood,7.88,0,7.88,0,0
2020,OBALNO-KRAŠKA,Sawdust and Wood Cuttings,392.44,0,392.44,0,0
2020,OBALNO-KRAŠKA,Paper/Cardboard Packaging,1786.661,1638.15,148.511,0,0
2020,OBALNO-KRAŠKA,Wooden Packaging,1239.69,0,1239.69,0,0
2020,OBALNO-KRAŠKA,Other Wood Waste,3659.02,3656.435,2.585,0,0
2020,OSREDNJESLOVENSKA,Paper/Cardboard Packaging,10601.404,4431.485,6121.739,18.58,29.6
2020,OSREDNJESLOVENSKA,Wooden Packaging,3925.698,136.56,3612.518,0.79,175.83
2020,OSREDNJESLOVENSKA,Wood,872.125,0,872.125,0,0
2020,OSREDNJESLOVENSKA,Other Wood Waste,9297.269,9168.893,128.376,0,0
2020,PODRAVSKA,Sawdust and Wood Cuttings,151.14,0,145.42,5.72,0
2020,PODRAVSKA,Paper/Cardboard Packaging,2027.681,1837.827,186.304,3.55,0
2020,PODRAVSKA,Wooden Packaging,905.324,41.559,863.765,0,0
2020,PODRAVSKA,Wood,89.586,0,81.066,8.52,0
2020,PODRAVSKA,Other Wood Waste,8882.117,7595.377,1286.74,0,0
2020,POMURSKA,Paper/Cardboard Packaging,744.535,576.97,167.565,0,0
2020,POMURSKA,Wooden Packaging,117.18,0,117.18,0,0
2020,POMURSKA,Wood,61.06,0,61.06,0,0
2020,POMURSKA,Other Wood Waste,1040.37,919.53,120.84,0,0
2020,POSAVSKA,Sawdust and Wood Cuttings,62.46,0,21.26,41.2,0
2020,POSAVSKA,Paper/Cardboard Packaging,2281.195,1266.946,800.829,213.42,0
2020,POSAVSKA,Wooden Packaging,204.045,3.26,200.785,0,0
2020,POSAVSKA,Wood,17.28,0,17.28,0,0
2020,POSAVSKA,Other Wood Waste,1505.1,622.37,745.864,136.866,0
2020,PRIMORSKO-NOTRANJSKA,Paper/Cardboard Packaging,737.777,487.552,250.225,0,0
2020,PRIMORSKO-NOTRANJSKA,Wooden Packaging,10.25,0,10.25,0,0
2020,PRIMORSKO-NOTRANJSKA,Wood,8.58,0,8.58,0,0
2020,PRIMORSKO-NOTRANJSKA,Other Wood Waste,1245.77,1231.68,14.09,0,0
2020,SAVINJSKA,Sawdust and Wood Cuttings,102.26,0,57.44,0,44.82
2020,SAVINJSKA,Paper/Cardboard Packaging,4027.731,1629.155,2246.274,135.442,16.86
2020,SAVINJSKA,Wooden Packaging,2619.504,0.12,2411.204,109.74,98.44
2020,SAVINJSKA,Wood,341.36,0,341.36,0,0
2020,SAVINJSKA,Other Wood Waste,2986.485,2986.485,0,0,0
2020,ZASAVSKA,Paper/Cardboard Packaging,1280.397,403.632,761.185,115.58,0
2020,ZASAVSKA,Wooden Packaging,348.14,0.02,348.12,0,0
2020,ZASAVSKA,Other Wood Waste,920.8,919.12,1.68,0,0
2021,GORENJSKA,Paper/Cardboard Packaging,1962.702,1961.642,1.06,0,0
2021,GORENJSKA,Wood,547.86,547.56,0.3,0,0
2021,GORENJSKA,Other Wood Waste,4364.82,4306.67,58.15,0,0
2021,GORENJSKA,Wooden Packaging,77.01,77.01,0,0,0
2021,GORIŠKA,Paper/Cardboard Packaging,1852.956,1222.44,630.516,0,0
2021,GORIŠKA,Sawdust and Wood Cuttings,23.44,0,23.44,0,0
2021,GORIŠKA,Wood,142.3,10.53,131.77,0,0
2021,GORIŠKA,Other Wood Waste,3305.712,3240.972,64.74,0,0
2021,GORIŠKA,Wooden Packaging,191.748,15.28,176.468,0,0
2021,JUGOVZHODNA SLOVENIJA,Paper/Cardboard Packaging,1395.503,1356.942,38.561,0,0
2021,JUGOVZHODNA SLOVENIJA,Sawdust and Wood Cuttings,4793.136,0,95.556,20.12,4677.46
2021,JUGOVZHODNA SLOVENIJA,Wood,71.89,0,71.89,0,0
2021,JUGOVZHODNA SLOVENIJA,Other Wood Waste,3214.41,3133.66,80.75,0,0
2021,JUGOVZHODNA SLOVENIJA,Wooden Packaging,24.705,0,24.705,0,0
2021,KOROŠKA,Paper/Cardboard Packaging,1655.2,486.367,1029.028,88.485,51.32
2021,KOROŠKA,Wood,20.95,0,20.95,0,0
2021,KOROŠKA,Wooden Packaging,474.358,0,429.592,44.766,0
2021,OBALNO-KRAŠKA,Paper/Cardboard Packaging,1591.585,1485.997,105.588,0,0
2021,OBALNO-KRAŠKA,Sawdust and Wood Cuttings,99.7,0,99.7,0,0
2021,OBALNO-KRAŠKA,Other Wood Waste,3841.907,3832.487,9.42,0,0
2021,OBALNO-KRAŠKA,Wooden Packaging,1477.98,0,1477.98,0,0
2021,OSREDNJESLOVENSKA,Paper/Cardboard Packaging,10553.903,4723.054,4988.473,315.543,526.833
2021,OSREDNJESLOVENSKA,Sawdust and Wood Cuttings,5.62,0,5.62,0,0
2021,OSREDNJESLOVENSKA,Wood,263.185,0,263.185,0,0
2021,OSREDNJESLOVENSKA,Other Wood Waste,12562.01,12412.183,149.827,0,0
2021,OSREDNJESLOVENSKA,Wooden Packaging,4354.159,564.08,3630.199,80.55,79.33
2021,PODRAVSKA,Paper/Cardboard Packaging,2207.845,1980.161,167.099,60.585,0
2021,PODRAVSKA,Sawdust and Wood Cuttings,144.98,0,144.98,0,0
2021,PODRAVSKA,Wood,187.24,0,134.79,52.45,0
2021,PODRAVSKA,Other Wood Waste,9100.108,8849.84,250.268,0,0
2021,PODRAVSKA,Wooden Packaging,807.694,269.038,536.316,2.34,0
2021,POMURSKA,Paper/Cardboard Packaging,1182.86,602.02,580.84,0,0
2021,POMURSKA,Wood,82.98,0,82.98,0,0
2021,POMURSKA,Other Wood Waste,1154.02,957.76,11.48,184.78,0
2021,POMURSKA,Wooden Packaging,188.981,0,188.981,0,0
2021,POSAVSKA,Paper/Cardboard Packaging,1920.125,1074.742,722.896,122.487,0
2021,POSAVSKA,Sawdust and Wood Cuttings,110.922,0,110.922,0,0
2021,POSAVSKA,Other Wood Waste,2310.4,974.22,1015.936,320.244,0
2021,POSAVSKA,Wooden Packaging,252.357,4.43,246.287,1.64,0
2021,PRIMORSKO-NOTRANJSKA,Paper/Cardboard Packaging,477.875,246.475,231.4,0,0
2021,PRIMORSKO-NOTRANJSKA,Other Wood Waste,1336.9,1318.12,18.78,0,0
2021,PRIMORSKO-NOTRANJSKA,Wooden Packaging,15.16,0.26,14.9,0,0
2021,SAVINJSKA,Paper/Cardboard Packaging,6627.561,1801.954,4819.647,0,5.96
2021,SAVINJSKA,Sawdust and Wood Cuttings,824.94,0,73.5,0,751.44
2021,SAVINJSKA,Wood,510.458,0,510.458,0,0
2021,SAVINJSKA,Other Wood Waste,2819.564,2797.884,0,21.68,0
2021,SAVINJSKA,Wooden Packaging,4090.843,21.803,3916.04,87.84,65.16
2021,ZASAVSKA,Paper/Cardboard Packaging,1076.082,505.309,424.735,146.038,0
2021,ZASAVSKA,Wood,1.76,0,1.76,0,0
2021,ZASAVSKA,Other Wood Waste,1070.495,1067.645,2.85,0,0
2021,ZASAVSKA,Wooden Packaging,361.71,0,289.96,71.75,0
2022,GORENJSKA,Paper/Cardboard Packaging,2010.6,2010.6,0,0,0
2022,GORENJSKA,Wooden Packaging,96.8,96.8,0,0,0
2022,GORENJSKA,Wood,622.19,610.91,11.28,0,0
2022,GORENJSKA,Other Wood Waste,4561.9,4522.08,39.82,0,0
2022,GORIŠKA,Sawdust and Wood Cuttings,36.265,0,36.265,0,0
2022,GORIŠKA,Paper/Cardboard Packaging,1788.722,1205.934,582.788,0,0
2022,GORIŠKA,Wooden Packaging,171.586,62.206,109.38,0,0
2022,GORIŠKA,Wood,116.935,1.125,115.81,0,0
2022,GORIŠKA,Other Wood Waste,3601.72,3587.06,14.66,0,0
2022,JUGOVZHODNA SLOVENIJA,Sawdust and Wood Cuttings,4096.7,0,77.28,0,4019.42
2022,JUGOVZHODNA SLOVENIJA,Paper/Cardboard Packaging,1644.047,1614.949,29.098,0,0
2022,JUGOVZHODNA SLOVENIJA,Wooden Packaging,6.967,0,6.967,0,0
2022,JUGOVZHODNA SLOVENIJA,Wood,82.23,0,82.23,0,0
2022,JUGOVZHODNA SLOVENIJA,Other Wood Waste,2783.78,2779.42,4.36,0,0
2022,KOROŠKA,Paper/Cardboard Packaging,1468.928,497.09,859.498,104.34,8
2022,KOROŠKA,Wooden Packaging,471.58,0,471.58,0,0
2022,KOROŠKA,Wood,5.16,0,5.16,0,0
2022,KOROŠKA,Other Wood Waste,48.56,0,48.56,0,0
2022,OBALNO-KRAŠKA,Sawdust and Wood Cuttings,66.56,0,66.56,0,0
2022,OBALNO-KRAŠKA,Paper/Cardboard Packaging,1574.847,1473.973,100.874,0,0
2022,OBALNO-KRAŠKA,Wooden Packaging,1642.86,0,1642.86,0,0
2022,OBALNO-KRAŠKA,Other Wood Waste,3888.73,3888.73,0,0,0
2022,OSREDNJESLOVENSKA,Sawdust and Wood Cuttings,1.1,0,1.1,0,0
2022,OSREDNJESLOVENSKA,Paper/Cardboard Packaging,12736.61,4815.079,7051.328,360.638,509.565
2022,OSREDNJESLOVENSKA,Wooden Packaging,3306.766,315.7,2945.126,21.82,24.12
2022,OSREDNJESLOVENSKA,Wood,615.312,0,615.312,0,0
2022,OSREDNJESLOVENSKA,Other Wood Waste,11955.865,11838.076,117.789,0,0
2022,PODRAVSKA,Sawdust and Wood Cuttings,113.24,0,113.24,0,0
2022,PODRAVSKA,Paper/Cardboard Packaging,2335.226,2061.762,140.167,133.297,0
2022,PODRAVSKA,Wooden Packaging,1014.487,380.831,485.846,147.81,0
2022,PODRAVSKA,Wood,296.355,0,240.47,55.885,0
2022,PODRAVSKA,Other Wood Waste,10245.137,9350.739,497.245,397.153,0
2022,POMURSKA,Paper/Cardboard Packaging,1120.656,609.997,510.659,0,0
2022,POMURSKA,Wooden Packaging,156.019,0,156.019,0,0
2022,POMURSKA,Wood,129.62,0,129.62,0,0
2022,POMURSKA,Other Wood Waste,1038.74,905.78,7.16,125.8,0
2022,POSAVSKA,Sawdust and Wood Cuttings,33.64,0,33.64,0,0
2022,POSAVSKA,Paper/Cardboard Packaging,1442.783,542.05,767.237,133.496,0
2022,POSAVSKA,Wooden Packaging,185.115,5.79,177.085,2.24,0
2022,POSAVSKA,Other Wood Waste,2428.25,1879.61,441.816,106.824,0
2022,PRIMORSKO-NOTRANJSKA,Bark and Cork Waste,2.46,0,2.46,0,0
2022,PRIMORSKO-NOTRANJSKA,Paper/Cardboard Packaging,509.21,382.632,126.578,0,0
2022,PRIMORSKO-NOTRANJSKA,Wooden Packaging,12.19,2.87,9.32,0,0
2022,PRIMORSKO-NOTRANJSKA,Wood,4.74,4.74,0,0,0
2022,PRIMORSKO-NOTRANJSKA,Other Wood Waste,1464.7,1407.72,56.98,0,0
2022,SAVINJSKA,Sawdust and Wood Cuttings,87.54,0,87.54,0,0
2022,SAVINJSKA,Paper/Cardboard Packaging,5864.705,1805.265,4059.44,0,0
2022,SAVINJSKA,Wooden Packaging,3707.69,2.92,3508.05,196.72,0
2022,SAVINJSKA,Wood,783.925,0,783.925,0,0
2022,SAVINJSKA,Other Wood Waste,4094.87,4094.87,0,0,0
2022,ZASAVSKA,Paper/Cardboard Packaging,1246.445,480.252,621.907,144.286,0
2022,ZASAVSKA,Wooden Packaging,231.263,0,231.263,0,0
2022,ZASAVSKA,Other Wood Waste,1045.77,1042.75,3.02,0,0
